4.091434,2.641272,4.701068,-6.9280863,7.9692163,8.962862,8.543657,-11.576923
2.4951317,1.6251941,1.0827123,-1.2054355,2.3020835,5.4289584,2.0535135,-2.5567782
-2.22214,4.479211,4.3335114,-0.45613453,-4.262985,-1.3891727,6.3230324,2.0160177
1.5549314,2.6712253,4.614421,-0.26614305,1.1512835,2.5979872,5.5117764,-3.741035
1.0852003,0.86413836,3.7798996,0.8502225,1.4751756,2.274381,2.586818,-1.8712162
1.1019897,1.4422989,4.840471,-6.4894466,7.3984885,8.230279,5.7679806,-6.8012033
1.0866011,2.670505,2.8956676,-1.6302195,1.7497607,3.951366,6.346615,-3.3538659
0.41062972,1.9897267,3.3784206,0.17598592,2.4326053,1.9804173,4.5732975,-2.0504844
4.677381,1.4952692,4.4618,-4.630318,9.148966,10.33502,7.023601,-11.528922
6.2678595,-2.5690465,-0.35816345,2.478165,9.374229,4.8616138,-2.1231456,-8.232526
3.0267074,-0.036943454,3.7443478,-2.1645033,6.744685,1.9964492,6.9283037,-9.100116
3.3775003,1.3471003,4.0921493,-6.259778,8.330684,8.56362,6.7262793,-10.201264
1.2115026,3.5412173,5.5277023,-3.2919285,5.4199157,6.341987,9.350997,-6.9055686
5.9385505,1.4946697,3.6250646,-1.5236517,6.615505,4.6175933,5.0497227,-8.812228
4.598607,-1.5696762,-0.4954351,1.0943501,7.3084526,6.1728477,-1.0814339,-4.980313
4.1101403,0.338145,3.2516372,-0.21743377,8.610108,6.33943,5.265374,-9.5750885
0.6625025,2.4368644,3.0842807,0.23658185,-0.18234734,0.49734193,5.392416,-2.2410533
1.8327949,2.31785,3.0825572,-0.37254784,1.3309165,3.0880258,5.0184727,-4.376642
4.675114,1.1897084,4.153849,-2.7897296,9.301449,9.256161,7.0990143,-11.04358
1.0773059,1.5371902,3.0725217,1.4788657,4.182514,2.308508,3.667951,-2.8046763
3.8588092,2.8025632,5.411043,-2.2670374,5.6083446,5.9945984,5.99714,-7.77056
3.4001873,0.06522245,0.24598312,1.1530313,2.4000673,3.2545922,1.9176238,-4.210529
4.328293,1.916265,5.3155737,-3.9639657,7.808633,9.012264,7.342132,-10.914973
3.048782,2.7772014,3.0742285,-1.6415143,6.4332457,6.2984457,6.1243906,-4.3627057
-2.8993819,2.5417643,2.1986089,-0.12876625,-2.1162062,-4.814202,5.520427,1.4650482
4.598607,-1.5696762,-0.4954351,1.0943501,7.3084526,6.1728477,-1.0814339,-4.980313
4.887636,0.4303005,1.5871838,-1.7119956,7.6301575,6.0575213,4.5865846,-8.005041
0.9713483,4.2956886,4.507923,-1.8272212,0.37622064,1.8059021,8.601517,-3.1106894
0.91049373,1.5854561,2.5173287,1.045315,-0.7054058,0.9863394,2.5823345,1.1774752
1.3270874,3.6627407,1.9545022,-1.301345,-1.261104,2.3209395,4.272064,-0.35857445
2.2267044,3.8033726,4.628751,-4.464705,4.65374,6.3138137,9.651967,-7.3012676
2.543909,1.8356457,4.0327606,-1.5131748,4.308516,4.0533624,6.642971,-7.195313
4.124881,2.8661227,5.349463,-5.166218,8.286836,9.520987,8.800795,-11.45412
3.7049968,1.308073,3.898535,-4.0544825,8.009059,9.3551655,4.3642406,-8.533892
4.7927074,2.9231958,5.5606585,-4.9414964,7.2514915,8.119356,8.654879,-11.774863
5.238871,0.07251916,3.2924232,-2.0057063,8.712761,6.569987,4.554011,-11.278995
4.164053,1.4732866,2.7822342,-0.03898557,7.5961485,5.969094,4.450303,-6.9925704
4.131786,-0.4694705,3.4261901,0.94873446,8.310582,5.5527997,4.0742087,-8.841907
3.924566,-2.133701,2.3449333,0.7638469,8.982691,4.116384,2.1856782,-8.593483
5.253679,0.86506677,3.4765651,-1.5294759,6.5028973,6.497226,5.189187,-9.95234
1.0376157,2.0135467,1.9214531,-0.63461226,1.7140235,3.1229806,4.2540402,-1.6151685
5.1671743,1.2426194,3.9678423,-1.0770468,9.74805,8.218519,4.927099,-10.230094
5.2087164,0.030245882,3.2316515,-0.294709,7.947814,7.0182586,3.4108307,-9.980028
3.255334,-0.707815,1.9537274,1.2501311,8.003966,5.4217014,2.8372478,-6.11867
-0.42759752,1.3559128,3.4183357,-6.6626186,4.073019,4.8968544,6.009792,-3.6038907
4.317051,1.4249368,5.1639996,-3.120967,8.600956,8.587448,6.9814787,-11.330601
1.7928438,1.1003307,4.108236,-4.414341,4.55467,3.527556,7.3927507,-7.8547926
1.9432554,0.6176734,2.704697,0.5607292,5.605567,2.6866953,5.0936723,-4.295812
4.35181,0.5445149,3.4847884,-2.44471,7.0592775,4.7626834,6.882618,-8.674182
4.2056003,1.9338996,2.5820534,-1.2411911,8.494719,7.99657,4.1917286,-7.7067323
3.3213413,1.6168416,4.118902,-2.5339448,5.777012,3.4185383,8.263729,-9.1949835
5.846579,0.7534056,4.290332,-3.0805426,7.90238,7.1194053,6.715042,-11.705531
4.861682,2.6819453,5.4731207,-6.372917,9.112015,9.397224,8.554807,-13.280496
1.7888836,1.9462184,6.373715,-2.4794972,7.87906,7.7685637,4.3829947,-8.024274
0.02034343,2.5472777,2.8691604,1.2851017,1.1884872,1.2845371,3.4518297,-1.2000778
1.784324,1.8314062,3.330344,-7.1370544,5.836554,7.07541,6.4928975,-7.307042
3.0129826,2.324521,3.7621086,-2.2957835,3.1314812,4.694452,6.246052,-7.8981366
3.7230961,1.8468106,2.7577164,-1.0095286,7.5754147,5.673861,5.4370565,-8.481263
1.8752317,3.233089,6.278026,-4.1653824,5.5690107,7.7230153,7.949743,-7.6190515
4.3328705,1.9304304,4.860316,-5.027672,8.995699,10.233004,7.5786767,-11.665279
4.960762,0.1446204,2.8410237,-3.134887,9.548742,9.596985,2.2089872,-9.581622
-0.14768949,2.7103143,2.2205646,0.89237577,-1.79411,0.84836614,3.6337538,0.51263946
3.9193945,1.6472021,3.9051461,-2.0708961,5.265523,5.9621816,6.3178816,-7.8335376
3.5940654,-0.26576743,0.8992711,0.90795964,4.709169,5.282922,2.0928068,-3.826921
0.3781879,1.8753963,2.0498157,-3.5616808,-0.15616094,-0.637384,5.266672,-1.7756968
0.58440286,0.018009644,4.975489,0.85890394,6.585082,4.7884393,0.0469725,-4.523872
2.7965953,0.5812775,-2.1147313,0.24400906,0.15500434,2.6364355,-0.51643604,2.160321
4.516225,-0.6906785,3.1740153,-2.4350946,7.9544163,6.528977,2.85949,-9.473189
-0.004930012,3.480264,4.137018,-0.83388704,-1.6894969,-0.009353705,6.182558,-1.3788898
4.363394,0.91650105,3.6384037,-0.41179588,8.036116,5.7637286,5.6585875,-8.984599
3.559641,2.9452715,2.9700904,-1.229008,5.216835,4.528193,6.3714232,-6.2363443
5.4891596,-1.5629522,2.1077235,-1.0928638,9.664654,7.2504373,1.8047472,-10.560332
4.0029416,-0.04420169,3.0903742,0.41231516,8.108799,7.294308,0.19771396,-6.804483
4.5017056,0.7561424,4.689771,-2.7295833,9.921209,9.886696,6.140641,-12.103005
2.5344868,0.20591815,0.61435807,0.15477459,5.3633637,2.8841827,3.3846292,-4.983527
3.3531034,2.7231092,4.1181183,-4.677315,6.4581213,6.08663,8.872013,-9.879847
3.0276682,0.51576173,2.8985431,0.24171154,3.848593,4.7143493,3.521717,-5.653868
2.6942713,-2.6591597,-2.5639904,3.4933784,4.2941265,-0.05848319,-4.819038,-2.0989556
-0.64211315,2.9288125,2.5982149,-1.1470513,1.4803518,1.3761077,5.557186,-0.27069932
3.2223976,0.22813283,3.9899166,-0.13514812,7.5887456,7.4415584,0.73363197,-7.049793
2.8655984,0.67469335,2.6480937,1.0907943,6.2931633,3.1827793,4.5706773,-6.597838
5.5300574,1.431505,3.7608867,-4.6371756,8.966669,7.6633086,6.7328415,-11.319028
3.6705964,2.0120475,5.3448496,-3.6174803,7.8901377,9.557539,5.38307,-9.164796
5.1725464,0.21241508,1.9617404,-2.4560127,7.7869506,5.8445992,4.645984,-9.630246
4.094081,2.2374163,5.256164,-6.8852673,9.425956,9.859953,8.525049,-11.370421
1.5206983,0.8758347,1.8179917,1.6589422,3.5820012,3.166544,2.0403523,-2.9284308
3.3650904,0.86201084,2.9527764,0.43170908,5.730715,5.134826,4.622771,-5.5198855
1.2607335,2.0683708,3.2581897,-0.8681023,4.505311,3.3508258,6.825036,-4.3059945
4.488105,1.0750021,4.78528,-3.476378,9.286116,9.414871,6.1356177,-11.35276
4.4280686,1.1657957,2.4942436,-1.3632083,6.6801243,8.648569,3.3788419,-7.8133116
6.423706,0.94050896,4.3342795,-1.6793941,8.246468,7.8093724,5.2938423,-11.087582
4.4755287,0.46984473,2.0666802,-0.11260159,6.5046887,6.689241,3.56628,-7.7970905
4.5504074,2.6591945,4.8417153,-5.0595074,8.711851,9.408471,8.68367,-11.725235
5.123993,-0.040054042,2.374178,-0.8742338,9.539278,7.737536,3.557479,-7.591231
-1.2522486,3.0742042,1.5109636,0.77438587,-3.3551893,-2.012372,4.7247877,2.024812
2.5325632,4.0586743,5.6701636,-2.3565595,2.7111192,5.6045737,6.272304,-4.6233373
0.39992273,2.4091978,2.8846152,1.2914941,1.5376426,0.5350483,4.469405,-0.84998065
4.402218,-0.6104928,1.3561943,0.93951195,5.867767,4.0524616,2.5704565,-7.2447057
3.9071832,2.5275805,6.6558175,-4.1413765,6.7881465,8.028496,6.178703,-10.084728
2.7321236,3.0222912,3.6232395,-1.411733,1.8899927,5.086349,4.096815,-3.74902
-0.1282315,3.564497,2.9239056,-1.3027936,-0.69251114,1.2412,5.6638393,0.19168603
2.832494,-1.8464665,0.49287584,0.08850305,2.8978162,0.71077555,-0.60364366,-3.9961278
2.5716903,3.1733003,2.8399856,-1.3524263,4.2127333,3.8884768,6.585161,-3.9581645
3.8677812,0.731024,4.37784,-1.5436556,6.0486326,6.756152,3.5457654,-8.327436
5.332964,0.4522935,3.5253482,-0.5519109,7.714514,7.5005994,3.7243748,-9.200449
2.4887047,2.5803037,3.7679317,-6.9071116,6.3260355,8.248789,7.2490644,-7.8512673
4.850421,2.0696397,3.6882567,-2.0195737,7.087084,6.963118,6.184806,-9.421678
2.5541914,0.46676973,3.618591,1.9714406,5.855941,3.7446988,2.6785421,-5.9987917
4.5353546,2.3259654,5.8084526,-4.8978696,9.491065,10.20134,8.347351,-12.1619005
3.6306074,3.6940727,3.6925538,-2.3005714,5.6911793,5.2227683,7.4656153,-6.6370378
2.6304998,-0.10839106,2.432923,1.6536937,6.437172,2.9401875,3.369159,-6.301013
0.6411917,2.5030513,5.6547327,-5.861938,6.320675,8.015228,6.665623,-5.83096
3.965953,0.54146636,2.5807798,2.011153,5.2776356,4.0101833,2.1724274,-6.8508444
3.4691868,1.3585157,2.5318696,1.0027231,6.1168933,4.421651,3.7861428,-6.3290186
-1.5128789,4.760724,2.4998953,-1.3583968,-2.211723,0.94809777,6.79336,1.9126552
3.0267074,-0.036943454,3.7443478,-2.1645033,6.744685,1.9964492,6.9283037,-9.100116
-1.2908255,2.785135,3.1663384,0.05377684,-1.0642128,-2.08762,6.421891,-0.727379
4.1602817,0.22462775,2.2009752,0.521576,8.262125,6.648138,3.2860913,-7.62955
3.9113736,0.18967642,1.9298285,1.3288099,7.0209546,5.662516,2.6098962,-6.653808
2.6496394,1.8429245,4.2615385,-0.80783296,5.6926956,4.6351414,6.6388507,-7.000235
1.1670413,2.578813,2.8463342,-1.1100664,0.83574784,3.363825,4.707494,-2.8939905
6.1018124,1.3190739,3.590037,-2.2413118,10.151369,9.054729,5.342678,-10.647374
-1.5542552,3.5138028,3.6398423,-0.99895376,-0.2050135,0.5865118,7.7296686,-1.5286962
1.7285118,2.5655692,4.858176,-0.37542674,1.9959439,3.8066778,3.777756,-2.5392158
2.5570862,-0.18519618,3.2213023,-2.44232,6.5332174,1.9337082,5.8454046,-7.828795
0.24505764,1.4733117,0.96825826,2.0660963,0.67476046,0.9465694,2.109307,0.50008196
4.8291264,0.29742077,4.06837,-1.4584672,10.571717,10.5891075,3.5215216,-11.9816675
3.6370857,2.657546,5.215329,-4.7170367,9.48787,10.323439,8.534664,-10.322886
1.1279137,0.5344876,1.7213508,1.8446711,1.5655688,2.0391946,2.221783,0.09114295
1.3741263,2.1556501,2.5936844,-0.13234074,1.4447209,2.43138,4.7851033,-2.7900703
1.3819325,3.3650875,3.6997757,-1.8593494,3.603743,4.720383,7.6261716,-4.39716
3.3226283,0.15520559,4.356083,-2.5017228,7.9421263,7.905689,5.868395,-9.672394
4.6109366,2.1085129,4.3641415,-5.014705,8.761093,10.642918,7.7913084,-11.495666
2.7672093,-1.037684,1.334957,2.0799587,4.995742,3.6112833,1.7170922,-4.425384
5.454073,1.1762668,4.048514,-1.1947751,8.280818,8.391157,5.3567076,-9.714016
5.4333916,0.11764524,3.5703452,-3.5271657,8.893593,7.6678786,5.87489,-11.769097
3.2310405,2.5807028,4.825095,-6.6394377,8.433683,9.847765,7.9871044,-10.424357
1.1403198,3.4674807,3.7783663,-0.532376,-0.13147758,2.5703878,5.113618,-1.9279463
0.4650509,4.818701,2.966273,-1.4725938,-0.17990535,1.3463238,7.0173674,-0.6398429
2.8904965,2.003048,1.757988,0.7032309,3.329454,3.6607022,3.4669888,-2.5265377
3.5129192,1.6390254,3.4812343,0.8797172,4.05903,4.1311665,3.306567,-3.8486567
2.4207103,-1.0933782,1.5590669,1.4158769,7.4936366,3.419394,2.5506196,-6.0380144
5.0544643,1.454268,4.244113,-3.5462878,7.9303036,5.2677684,7.464731,-11.474411
2.9387844,2.4074264,5.3446407,-4.2081313,6.3451567,6.776387,9.131557,-8.881562
-1.4156995,1.3340065,1.5280044,-0.55876595,0.8918072,-1.8240736,5.2192264,-0.21082371
6.2430987,-0.13527454,1.1033274,0.16286586,6.7580366,7.3607273,1.9499614,-7.1287236
0.114748485,3.6620693,3.349253,-1.4081014,-1.637428,0.699287,6.340288,-0.60313064
2.4186513,0.66262305,1.552675,-0.3624691,6.1024237,4.5361433,4.273785,-4.012819
3.6236503,1.3727653,2.5747948,0.18861876,7.150387,5.34285,5.1098027,-5.8702903
4.360648,0.5746107,4.003383,-1.3893921,8.147078,5.9947824,6.579642,-9.882428
3.0350807,2.7408328,6.105291,-3.474211,6.9936852,8.143473,6.740092,-9.0748625
2.3965309,-0.6541858,3.402869,1.096106,7.079523,4.766821,2.4268322,-7.045696
3.989476,0.7684755,1.108034,-0.52051455,6.672892,5.54942,3.7664757,-6.1942573
-0.6905246,2.2550433,3.7012208,-0.6455506,0.117620304,-0.7982902,7.0319276,-1.6484077
5.133771,-0.32953128,4.080408,-0.88727784,10.399579,8.677905,3.5696986,-11.230945
2.226177,1.6932483,3.3036213,0.5784412,5.530177,4.4033465,5.1601567,-7.841436
5.3162503,-1.7714998,1.122388,1.8947048,9.439384,6.5454993,0.038901314,-7.9521923
2.1936214,4.152936,4.3287477,-2.70478,4.1917257,5.0320716,7.859916,-4.3831954
3.8793757,2.7920418,3.0740592,-3.1345823,6.440665,5.4435987,7.4869633,-8.18079
3.3383968,2.5638573,6.1330957,-3.839971,7.480443,8.910921,6.6817403,-9.643089
4.2657022,2.2096663,2.575639,-1.8253795,5.243121,7.693474,3.824175,-7.4311595
4.145174,0.26272884,4.0861025,-3.184253,9.738403,10.0515175,5.510198,-11.626269
0.37512916,-0.48718634,3.090231,2.4386756,4.729148,2.3533287,1.1221184,-3.9317038
3.027041,2.0486183,4.1484337,-4.518925,7.8316307,9.640085,5.1776533,-8.314979
-2.0786188,1.9979434,4.818783,-5.2026577,2.9286063,4.354046,6.8808055,-2.0279517
3.7233958,-2.853193,1.5431384,-2.1165726,5.950655,3.096069,0.23948567,-6.7576795
1.611819,-0.44135287,3.8667219,-2.2341444,4.9553595,2.9100919,4.6221857,-6.6438756
2.8043804,0.32310084,0.47112957,-0.4716272,2.7471588,4.5332212,1.5916461,-3.6274097
7.206572,-0.8454437,2.096234,0.43655464,11.221291,8.691147,1.1627825,-10.656835
3.2931132,2.293079,4.214553,-2.499878,4.4486594,5.2269187,6.6136684,-8.43339
-0.81787676,2.8066955,0.8841363,1.4297947,-2.7867365,0.19715875,1.7853318,3.5974684
2.8391018,2.052432,2.836676,0.040542644,5.3107443,4.809444,4.818559,-5.327204
3.9991906,0.5400369,3.2712014,-2.385482,5.839369,4.8681116,4.5948377,-8.069379
-0.7283892,2.4978614,2.360499,-0.82473814,-0.37074578,-0.51678866,6.74187,0.36482054
2.3295467,-0.43820557,3.76635,-3.032105,6.280471,0.9427454,6.433199,-9.220497
2.9606965,-0.76351035,3.6816132,-2.2070034,6.752843,1.1522038,5.6638603,-9.295584
-0.96281624,3.2610679,2.5288365,-0.76840454,1.0318128,1.0172386,6.405463,0.085626304
4.2202015,1.7657866,4.4097114,-4.1304793,8.914876,10.684347,7.1511064,-10.97634
4.0159373,1.6547806,3.0088654,0.5602825,6.3680563,5.8098006,3.1422687,-5.978795
-0.69718933,3.4086468,5.333422,-1.6143054,0.6918201,1.487582,6.9582148,0.3145159
0.3768728,1.3659581,5.72667,-2.1132436,4.182332,3.1678011,7.1026297,-6.090186
5.282904,-0.36436394,2.4896739,0.64038986,6.195956,4.691231,1.6784606,-7.4822826
4.688569,0.2337731,4.4563932,-0.6700186,8.386161,6.918964,5.755251,-10.409283
5.27296,0.41516873,3.8080866,-0.82469004,9.210389,9.313797,1.1484357,-9.200615
4.235254,-0.03408872,2.8456976,0.61647314,8.009685,6.365248,3.8325531,-8.29448
2.020039,1.8546357,3.2713215,0.07171135,5.118966,3.7519689,5.6874967,-4.977575
3.2920754,1.4030578,2.253649,-0.16775282,6.7385893,5.957869,4.76142,-5.115151
4.7066393,-1.0462849,0.29622602,3.9623137,8.550009,5.9712014,-2.7300656,-6.822181
3.350365,-0.13897564,0.47606066,1.1797465,6.116263,7.098359,0.34906387,-3.914153
1.1431909,2.8590233,3.9351735,-6.4520807,5.2773333,7.77189,6.8517694,-5.323646
1.9099501,3.7983673,5.718748,-3.0099087,4.564476,4.912487,8.804705,-6.663277
4.6788244,0.86601245,3.9373348,-0.80253637,6.400708,5.7110133,2.776408,-7.823079
2.0402584,-0.25344187,0.41005707,2.7748086,2.7933002,2.91259,0.9337367,-1.6132756
0.10111091,2.1974208,2.0481594,0.54410905,2.5562656,2.5383935,4.563932,-1.8941699
0.12722123,4.768879,4.0841317,-2.1610463,0.9639524,2.7075894,8.669592,-1.6995267
1.7198762,2.377403,3.410899,0.04320733,-0.09354152,2.4109607,3.550597,-2.1002722
2.4095294,2.3255544,5.536047,-1.9768264,6.4587145,6.192081,7.6566324,-8.6131
0.9988034,0.2597297,3.2103443,-2.301578,3.7994416,0.29625338,7.246343,-5.955769
1.6838298,0.39234993,1.927674,-0.10855891,5.04636,2.0453353,5.0820904,-4.9927816
1.4381237,0.105741836,2.8264487,-4.7425895,4.699208,3.0800748,3.4582934,-6.168875
4.6809487,2.8714597,5.300052,-6.295159,9.664142,10.958406,8.267181,-11.860964
3.5223114,3.055986,4.570611,-3.9409926,5.9505057,6.0344453,9.088991,-7.998133
2.948778,-2.0498204,2.1280358,0.045987632,6.372249,2.2139587,3.0805662,-6.415842
2.722564,-0.03908034,4.498835,-2.4580653,5.904342,4.6442237,5.0035343,-7.771711
3.6306074,3.6940727,3.6925538,-2.3005714,5.6911793,5.2227683,7.4656153,-6.6370378
-0.31707698,5.1091495,2.8035417,-2.1616395,-0.7750421,1.3498384,7.6458826,0.09418613
2.3777633,4.3215184,5.442333,-3.13877,1.712061,4.959721,7.077694,-4.5352426
2.7459905,1.4431446,4.3947363,-4.362417,8.590844,9.684961,4.5234947,-7.6231008
2.6095016,0.4934941,4.128076,-0.83344877,6.7054,5.124782,5.222529,-7.5428643
4.3565936,1.7491513,4.200626,-2.6217864,6.409498,5.6034007,6.581933,-8.746944
3.885162,-0.41386786,1.9179991,-1.1439673,8.080296,7.3357525,0.67277443,-8.006168
0.794961,4.791647,4.106932,-2.7489305,-2.020851,1.2450953,5.987933,-0.6450626
3.9084084,-0.46794233,2.5158076,1.8361565,7.4377794,6.660081,0.34266567,-5.7344832
3.1264005,1.0360001,2.037824,-0.970298,5.913645,3.2846973,5.272621,-5.863909
4.4242764,2.4459047,4.0826445,-4.9073606,7.0395985,6.1842685,8.533244,-10.774573
0.45650178,0.8568733,2.025111,1.1241198,4.4000483,2.0522063,3.5430605,-1.8664354
5.47533,1.7674445,4.692005,-2.3023145,8.533621,8.233597,6.2931976,-11.316841
3.549233,1.2547772,4.502463,-2.9362986,7.1235747,7.759298,4.5149198,-8.145807
1.8955383,2.68752,2.8116183,-0.3183175,3.7600162,4.094725,4.578862,-3.321818
-0.47630078,2.5671139,2.8009803,-0.6556925,2.0475852,1.9079814,6.258361,-1.4853526
3.4067628,2.6452613,3.5890095,-2.0428953,6.0965185,6.6892285,6.9915943,-6.666492
3.0451539,2.9538403,6.3208165,-3.6443682,6.900444,8.582389,7.014312,-9.131637
-2.5239995,2.7777855,2.9379497,-1.5920031,-2.698737,-3.9240634,6.726417,2.1221364
4.8887477,2.3636577,3.164943,-2.2962487,6.710971,7.262636,5.971361,-7.928797
2.8606827,1.6592962,4.7676916,-1.7629827,4.823004,4.9299736,7.0772076,-8.285927
2.3936791,3.4235806,4.9669027,-3.1790674,5.146405,4.5618267,9.9212475,-8.732122
2.7713206,-0.9515086,3.3799803,-2.8997376,6.648429,1.1601738,5.3396473,-7.5446496
2.3074439,2.0348558,1.8423947,-3.212521,1.4067652,2.7084196,4.8450546,-3.253156
0.7222997,1.1918267,2.6963828,0.7751403,-1.4506624,-1.4468546,3.5428834,-1.7815676
2.3060353,1.9672304,2.262238,-0.16214283,2.888064,4.467957,4.06375,-3.5536253
1.3224818,2.7343879,3.3114932,0.08389084,0.9403327,2.746171,4.3429265,-1.2239513
1.1585622,1.1356214,2.4669163,0.011135023,3.887516,1.8134332,5.6847763,-3.115039
3.11987,0.9447344,0.76870376,0.6634521,3.0185611,4.3944597,2.4957175,-2.6669078
1.0660644,2.0518594,3.4873164,1.9441454,2.035532,1.6119969,3.8612123,-4.930438
1.6112008,0.08917717,3.6237853,-2.0183372,5.550027,0.5500209,6.7541943,-7.5203996
4.380327,1.9336206,4.397698,-3.7345328,6.3490067,6.925854,7.7066727,-9.833382
0.79083264,0.9054832,2.154446,1.3358517,3.844576,1.4328067,3.9273145,-2.3194268
3.2397776,2.406479,5.446401,-4.1091795,7.99209,9.198165,5.7676272,-9.572523
4.131786,-0.4694705,3.4261901,0.94873446,8.310582,5.5527997,4.0742087,-8.841907
0.8741314,2.364764,3.4801085,0.43751678,3.2484193,2.496366,6.0555115,-4.3857584
4.578355,1.7839364,3.7885377,-2.3324738,8.826541,7.218982,6.3123474,-9.963569
4.9082875,0.16234992,2.6058242,-0.14958902,8.81995,7.2018876,2.6400514,-10.090421
3.2038217,0.8091284,1.8891592,-0.26080665,6.22441,5.4725943,4.4368625,-5.3129354
1.4527301,2.3081841,1.6221552,0.0036912374,-0.67752194,2.820891,2.6934354,0.7602781
2.6248963,-0.84682244,3.5125325,-2.436378,6.414409,0.85319036,5.831185,-9.26809
3.4196756,1.4775487,5.4429507,-2.0952227,7.804192,8.55401,3.264784,-8.7598295
4.8646426,1.7554835,4.4570665,-3.4952252,8.519794,8.752659,7.538002,-9.51296
3.5275497,1.080772,5.0448294,-0.60080594,7.315915,5.0519204,5.2135067,-9.0972805
4.846935,1.8036876,5.3796377,-2.364959,7.989583,7.1715217,7.0345764,-11.391742
5.970064,-0.22301592,2.8488908,0.17890601,8.211344,7.05185,2.4770374,-9.455012
2.727748,2.014936,4.4794736,-7.137779,7.590846,9.090957,6.7822666,-8.38375
4.4472246,0.9741232,2.0740645,-0.28182957,7.812864,6.638112,4.4411383,-6.2418866
2.4771795,2.3475828,1.9614192,0.34193996,-0.29578197,1.8581893,2.8322139,-1.2786542
3.1917818,-0.070084356,4.050996,-4.5386086,6.5694427,5.0976853,7.7474604,-9.651681
3.532878,0.18288712,3.735541,-2.9611056,5.1400957,2.913753,7.0913086,-8.728084
3.1661937,2.1215189,5.867116,-3.2877762,7.4743047,8.383667,6.346304,-8.409714
5.1096,-0.49286702,0.4119622,2.1243207,7.4212976,6.5481224,-0.6518636,-5.7713103
2.5052202,-0.107342534,1.3645048,1.5132258,5.677654,3.823285,2.374918,-4.41303
5.5453253,1.5313944,4.8440466,-1.4293854,7.615546,7.387626,5.349744,-11.326397
2.231609,1.6982561,2.8376954,-0.33926597,4.741601,3.9027107,5.971473,-4.6283126
1.9163691,0.3750126,3.2898018,-3.856494,4.037,2.869296,4.8866854,-6.8887877
5.5527744,0.13642542,1.9334521,-0.60382545,8.643129,7.4328485,3.6979113,-7.6624846
4.0491266,0.94722795,4.596292,-2.9450858,9.445568,10.015353,6.723053,-10.577028
1.9352621,2.7656093,3.2390993,0.8827446,2.793773,3.1017156,3.5449119,-2.3015594
5.217819,1.0391486,4.829849,-3.4801009,9.392744,9.00465,6.923686,-10.499095
4.5934277,-0.36504045,3.1690357,-0.65885663,10.555197,10.245423,2.859849,-10.762991
0.54726636,2.5931618,4.352808,-2.6402051,0.59816134,-0.35666674,6.494957,-3.9613981
3.8996832,0.69004524,3.569594,-1.5490332,7.283387,6.660071,5.5122213,-7.7890472
1.9218557,1.4284463,3.1364212,-0.3363218,2.9363265,3.2639596,5.72196,-4.504976
0.72379136,0.3910443,2.8058255,0.99317235,3.3332126,3.1452832,2.6233892,-3.0334492
5.2988815,2.3609772,3.0495512,-2.2867668,7.897315,7.573507,6.059749,-7.774882
0.54726636,2.5931618,4.352808,-2.6402051,0.59816134,-0.35666674,6.494957,-3.9613981
0.7241915,2.438747,4.4554763,-7.019422,5.142632,7.1730523,7.0251226,-5.7214074
4.1928463,2.0645843,5.174525,-6.20112,8.228817,8.668602,8.641652,-11.693092
0.7798711,-0.1081477,4.763505,1.7358054,6.353129,4.374351,-0.721967,-4.1464353
4.068507,1.3849492,2.6507106,-1.6334696,2.4715433,4.6397233,2.6373587,-4.6288276
0.7503446,-1.101438,1.378276,-1.7488382,4.499773,-0.9210948,3.892558,-5.7103972
0.58440286,0.018009644,4.975489,0.85890394,6.585082,4.7884393,0.0469725,-4.523872
5.1068344,-0.6529269,1.2650622,2.9467094,7.0033646,5.402565,-0.91338825,-6.409671
-0.42759752,1.3559128,3.4183357,-6.6626186,4.073019,4.8968544,6.009792,-3.6038907
5.8724165,-0.67941153,0.8776798,0.33584163,10.126038,7.3779225,1.0187262,-8.907737
6.191393,-1.6659405,1.545212,1.2236024,9.888029,7.648801,-0.12096347,-8.687956
3.1733963,0.16449039,3.151631,-2.0666654,4.949375,3.6893404,3.5570369,-6.9452863
4.9224043,2.589295,5.4012446,-5.8802505,9.617558,10.366041,8.732736,-12.86906
4.568138,0.9538573,2.9747167,-2.568907,9.30238,10.289333,2.1801174,-8.32874
5.3015757,0.39846602,3.0580418,-0.91704434,8.842941,7.1267314,4.9379334,-10.07899
3.538813,0.99171126,2.0767105,0.61152536,7.790802,4.6159873,3.6319501,-6.5087194
2.5677454,-0.11144491,2.2335565,-2.9251907,5.608508,1.3655016,5.3378263,-6.842291
2.234738,-0.19293492,3.4261725,1.6934619,4.752395,3.9122052,3.1679187,-5.5076656
5.425411,1.1597973,5.113434,-3.7107334,8.039051,8.520884,6.4081807,-11.979804
1.0181274,1.3763193,6.02481,-2.1125917,7.5737514,6.788524,4.248303,-6.845266
0.85752547,2.9787169,5.1890926,-1.0339218,3.3505893,3.1244369,6.112834,-5.5490065
4.09564,2.1626728,3.446303,-1.326993,5.730266,7.8526516,4.398381,-8.072516
4.9753714,1.8867491,5.261119,-4.8642874,8.766757,8.95145,7.5903196,-13.315088
3.082786,1.8530701,4.0242863,0.2173941,2.3198032,2.6521933,4.7681265,-5.5061774
2.7537394,1.877051,2.691945,-0.6577348,4.5331144,2.8170743,6.0428762,-5.9252534
4.3197875,2.0080934,4.2312775,-1.7903215,5.241174,4.03655,7.05085,-8.651966
-1.6769557,0.70997643,1.0952301,0.23235963,1.4213014,-1.307188,4.3251996,-1.1382467
-2.2967608,3.1448212,2.2266624,-0.44555065,-0.6409686,0.2993763,6.200559,1.6189089
6.224388,0.9939165,4.2902017,-4.2372527,8.99924,8.47415,6.613998,-11.533626
2.1640902,2.1257706,4.232737,-6.7389627,6.8796444,8.084236,7.2923765,-7.799689
0.5969427,1.3851621,2.3580139,2.3848135,1.3128048,0.6510513,2.3037953,-1.5877484
4.8930054,0.5802195,4.1602597,-3.0157428,8.23488,4.85741,6.842159,-11.150386
4.9716043,0.492155,2.515871,-0.665161,7.80105,6.6505904,4.3256555,-8.105126
5.7830086,1.4617229,4.567167,-1.5842125,6.698527,6.747582,4.7244997,-9.191825
2.3295467,-0.43820557,3.76635,-3.032105,6.280471,0.9427454,6.433199,-9.220497
2.984463,0.74446964,2.3046777,0.684969,6.600889,4.4397316,4.1172867,-4.915894
-1.0148386,3.4922576,5.6200376,-2.1065097,1.8243036,2.5940669,8.637674,-3.6257393
3.7068632,1.952813,3.6290476,-4.139947,7.1569266,6.046476,7.724022,-9.329387
4.363394,0.91650105,3.6384037,-0.41179588,8.036116,5.7637286,5.6585875,-8.984599
2.506851,1.0276463,4.5962553,0.60264367,5.780407,4.5833926,3.3923926,-5.6651993
4.44901,1.6993021,4.220066,-5.2293563,8.334438,8.635891,7.9520826,-11.160064
4.0131164,-0.07551118,1.3193861,0.4330968,6.0560675,6.6896806,1.5881063,-4.6372647
5.129374,1.3806165,4.1327753,-2.2679498,8.51878,8.987291,6.208075,-10.71535
2.2504845,1.9969885,1.7630574,1.4972286,1.7552068,2.7283068,2.5530324,-1.0176739
0.8090955,0.6005845,1.2910904,-1.7303333,2.9599366,-0.18341535,5.0959177,-3.1739075
4.072198,2.6250043,4.2638617,-1.6957645,5.7615166,6.0486255,7.418211,-7.3890753
2.068201,2.837222,4.268435,-7.290969,6.376051,8.449403,7.54271,-8.044971
2.3574414,-2.0164876,1.6883981,3.0335078,7.0829544,2.0927672,1.0997598,-5.57363
3.9838758,2.4278138,4.5838766,-3.5450985,7.3126545,7.8218246,8.300037,-9.895249
-0.10095733,0.76997745,1.0808657,1.1381233,1.0399767,2.2105105,2.462245,-1.1893617
2.5677454,-0.11144491,2.2335565,-2.9251907,5.608508,1.3655016,5.3378263,-6.842291
4.4079666,-0.6817322,3.0612333,3.0756423,6.5319505,4.224778,-3.6864128,-5.768294
5.7489557,0.86085695,2.7452793,-0.5014129,8.616908,7.758823,3.2402294,-8.569871
2.7022405,0.36751723,1.342362,0.8914177,4.621618,4.493625,3.197392,-4.276875
-0.9021946,3.7257566,3.9863822,0.15409385,0.12716408,-0.43798584,6.689868,-0.9051189
2.6655185,0.7533817,2.2338908,-0.08729394,5.7796965,4.115768,4.8736086,-6.088517
2.9661534,0.79542047,3.917543,-3.5412703,6.678788,5.2647376,4.7254577,-8.6997
1.0376157,2.0135467,1.9214531,-0.63461226,1.7140235,3.1229806,4.2540402,-1.6151685
5.745071,0.7005038,4.1911073,-4.3426194,8.611983,6.8164105,6.3263593,-12.802403
3.8866053,2.6088681,5.6240735,-7.378265,9.386799,10.309194,8.53112,-11.290479
5.2087164,0.030245882,3.2316515,-0.294709,7.947814,7.0182586,3.4108307,-9.980028
-4.1875014,2.8678207,1.6527613,-0.5749691,-3.9669533,-4.381742,5.9139037,4.003804
3.600966,1.9812081,4.881276,-3.7529001,6.8733325,7.700003,8.150091,-9.398238
-2.3026483,3.6363442,2.4971206,-0.056328017,-4.3223233,-1.1489576,3.8110602,3.865249
3.396248,2.2370849,3.5764275,-5.769352,7.7312446,9.612028,6.281575,-8.27856
5.0553637,-0.6215317,1.6579372,-0.7545301,9.33869,5.1728272,2.7064118,-8.837632
6.13336,-0.367574,2.108895,-1.2680521,10.464296,7.7156606,2.4032087,-10.315726
4.6479807,2.199679,5.616205,-4.902042,8.4854765,8.801249,8.256275,-12.979687
0.02376426,4.2800875,4.128765,-2.6297917,2.4029534,3.0062058,9.21258,-2.3090968
4.2927036,1.317539,3.378393,-1.6118894,7.2026734,7.2639832,5.871386,-7.970094
1.831222,4.004687,4.5832562,-3.3457367,3.9683285,5.1558785,9.027886,-6.345984
3.3160274,1.4663323,3.7082317,0.015823048,7.031448,5.7584615,4.0165687,-7.319316
4.1804357,1.5654457,4.9482927,-3.0483706,8.047858,6.469056,8.402634,-10.808966
2.2265687,0.22973715,2.6291578,-3.7493901,5.830977,4.658667,2.974956,-7.8925366
2.6258602,1.390127,1.5943055,1.4603684,0.33227012,1.5991583,2.5737436,-2.663091
2.8043804,0.32310084,0.47112957,-0.4716272,2.7471588,4.5332212,1.5916461,-3.6274097
4.06973,1.9640489,5.2066526,-3.4635456,8.885463,10.214348,7.7311416,-11.656846
4.9263124,3.2655892,5.0274687,-4.8722334,8.603846,8.077669,8.765873,-11.1572485
-0.18369046,1.8873713,3.3216524,1.8722482,0.525373,1.1422391,2.8204312,-0.98210365
3.1154897,0.9440491,4.8323746,-0.0827644,4.254463,2.7961264,4.206096,-5.793981
3.3230007,1.3846276,3.1746454,0.48842767,3.03925,3.1919827,2.85288,-3.932944
1.4172938,3.8339095,5.161569,-2.316651,2.827604,3.6144714,8.4332,-5.1009336
4.370477,-0.5280925,-0.05313525,0.7124463,6.4911394,7.3753843,-1.7941746,-5.257338
1.4887161,1.6291076,-0.31815532,0.5051152,0.31792077,2.8951075,1.5232437,0.7924761
2.1011295,-0.6779227,1.980498,-2.4362965,4.5402627,1.9795806,1.7990944,-6.8327355
3.377827,1.7824103,4.315188,-4.34987,8.77087,9.884389,5.0966735,-9.61217
1.0377504,3.697631,4.4152265,-7.07451,5.0202017,8.160528,7.370796,-5.555987
-1.7473637,2.1807752,1.5057635,0.06314413,-4.915291,-5.0198913,3.8507879,2.1406739
4.0110807,-0.005918999,3.587861,-1.5655743,10.539167,10.630056,3.6262994,-10.884503
2.708061,2.337831,3.8043485,-6.451986,6.344823,8.362636,6.694457,-7.110046
2.4095294,2.3255544,5.536047,-1.9768264,6.4587145,6.192081,7.6566324,-8.6131
-0.48246992,1.600791,4.812543,-5.374497,4.3711586,5.2969327,7.0389957,-3.7425895
3.3213413,1.6168416,4.118902,-2.5339448,5.777012,3.4185383,8.263729,-9.1949835
4.4629536,2.017334,5.4128513,-4.478285,8.445288,8.575651,8.634197,-13.122081
0.9632495,1.4112213,4.5507927,0.48114976,2.8668115,1.9078654,5.06546,-3.8464742
1.1233975,0.7199192,-0.6282275,1.756139,1.8968242,3.746964,-0.050454274,0.3305615
0.73438215,0.8435814,0.6122439,1.9603305,2.3139787,2.2051425,1.559666,-0.25948936
3.4830248,0.484374,1.2651827,1.2405319,6.3217916,4.434337,2.9077966,-5.3595243
2.3103554,3.234681,5.313507,-5.173298,4.062454,4.8826203,7.4459133,-8.057527
1.712712,3.0931544,5.6392765,-2.648481,3.3196824,6.2046366,5.876854,-5.7667804
4.498663,0.92977476,3.9327333,-2.708781,7.737022,6.7847466,6.2820883,-10.060533
0.5536556,3.146246,3.6556258,-2.18801,1.3039575,1.3791969,8.13082,-2.6566594
0.5737734,3.2073426,3.6047876,-2.0884786,0.9378561,3.284082,8.239964,-1.8647835
3.0066605,2.4204714,4.8616266,-2.0893009,5.3683295,6.709925,4.576811,-7.4173665
1.9623628,0.40623927,5.536992,0.7889859,7.0989075,5.202102,2.1851761,-5.7291403
1.4416437,4.413425,5.310917,-1.7792982,3.0063186,3.2961528,8.900464,-4.809811
1.8999603,2.6672835,3.030675,-0.08112188,2.8864284,3.6103928,5.780274,-2.940801
4.021284,0.90986943,3.1118746,-1.1641772,6.22464,7.07514,2.8504238,-7.3212934
4.3430514,-0.5961391,3.5957744,-0.11846168,10.236535,9.618621,2.5927117,-10.366947
4.629424,2.7169728,5.0733457,-5.30424,7.731506,9.15299,8.774876,-11.372972
1.4044495,-0.32803115,1.6556743,2.6967552,5.016902,2.3799164,2.055266,-3.8178127
2.2320518,0.8041328,4.7501245,-3.617843,8.085559,8.500954,4.139584,-6.9589915
-1.0731461,2.9207885,6.047206,-0.718042,1.1270776,1.3023945,5.9790564,-2.025836
3.5174215,2.2888088,2.5181184,0.029931586,5.9315968,4.562365,4.792796,-5.771043
3.885884,1.4703472,3.7505717,-0.7337498,7.2177887,6.839096,5.8641486,-7.823947
5.371674,1.0858959,3.8362918,-4.901799,9.5842495,8.569567,6.8842616,-11.672261
4.2275515,1.3211414,5.4183474,-1.426864,8.393888,7.588557,7.110556,-9.862645
3.5226529,0.7634156,3.5410225,-3.753205,6.355662,5.442717,7.728267,-10.634318
4.278679,-0.36015385,3.099518,1.4684246,6.769859,5.6177106,2.8810513,-8.185939
-0.40863222,2.7087145,-0.031985495,-0.27801582,-4.52341,-0.2897796,1.7849377,5.8958898
-3.1313422,1.7315657,2.5901577,-2.2653763,-1.4816719,-4.3856683,6.0530562,2.0693958
0.11565519,3.9482934,1.8330488,-0.28768417,-3.0694327,1.0166845,3.5121107,3.6189907
-5.069298,2.4136043,2.8651369,-2.8843906,-4.364414,-6.590868,5.803459,3.387214
-0.68324167,-0.362746,-0.8180435,4.3837056,-3.4993384,-4.1633515,-3.8739097,4.1994953
-2.3030539,0.9473001,-0.47040668,1.778575,-3.2544262,-2.845786,1.8854738,5.768896
-3.647373,1.8090023,0.25849518,-0.004537899,-5.110596,-5.093678,3.9760923,5.741767
-1.7091001,1.8596158,-0.9344618,2.0402458,-5.755578,-4.2231793,0.922981,5.8081903
-0.92930007,4.032587,4.9134927,-0.23284908,-1.8753734,-0.31834644,6.3613124,0.57832927
-3.3440754,3.2802813,1.331133,0.11061053,-5.609825,-4.3357444,4.5566807,4.312639
-5.8870063,2.7171128,1.7635751,-1.3213943,-5.2157054,-6.3560314,4.8166513,5.8811707
-4.1885867,1.2715132,-0.19448945,-0.015821058,-6.994799,-7.313085,1.7991741,7.642552
-1.6453317,2.442056,1.3453175,2.0592284,-2.9335055,-2.341253,2.8689418,4.2039967
0.8070183,1.9589386,0.19584604,0.6580964,-2.0771313,1.548569,2.1719844,2.8395875
-2.0851781,4.494877,4.8188386,-0.3097684,-3.307765,-1.4971406,7.057619,1.050582
-3.8425667,0.9995707,-0.26450077,-0.9696892,-6.4392986,-6.900227,1.741546,6.4113793
-3.5813127,3.2987077,1.5463258,1.4445579,-5.7169914,-4.3863025,3.468009,5.730652
-5.577803,2.5507715,0.36022684,0.20347504,-6.6803055,-7.0747085,3.4225764,6.1393275
-4.494217,3.9348001,2.2117896,-0.31182173,-4.34831,-3.415088,6.4428377,5.132793
-4.7585583,1.6577659,0.12709072,0.68187237,-5.638754,-6.0171876,3.202079,6.344847
-2.020239,4.5636683,2.5114362,-0.48295137,-5.014203,-1.4134516,5.294956,3.2081993
-4.876686,0.9883548,0.016844656,0.2129017,-4.1671205,-5.263757,2.6389682,5.558955
-3.8742745,1.7909052,1.1394441,-0.03417297,-6.12346,-6.939532,2.7441337,5.210342
-4.641108,0.832057,-1.7276574,-1.35873,-6.6193914,-7.5387645,0.7033698,6.447681
-5.624602,2.218238,0.99933195,-0.4150642,-5.8509507,-4.379274,3.1899686,8.591992
-5.065834,3.530449,1.1606296,0.7957304,-5.8278017,-3.4020395,4.1865044,7.501822
-4.401805,2.2101245,0.49446443,-0.36884388,-4.104101,-2.0379093,3.3526447,7.3496666
-3.060378,1.939796,-0.10308066,0.47586897,-5.7705913,-5.6728873,2.3123913,6.4078817
-3.6331866,2.8789144,4.496862,-1.3614151,-3.7783556,-5.339686,6.6158557,1.3156792
-2.6460145,3.6970701,1.1791693,0.1586533,-4.0227203,-1.2328712,4.334589,5.205996
-6.3348413,1.9644308,1.8833376,-1.2605839,-6.245283,-5.943805,2.7615902,8.898803
-0.7659663,3.9573994,3.1495204,-0.3199149,-1.8045465,-0.117236085,5.979485,0.7790428
-3.8904212,1.6613494,0.70337707,0.70890975,-4.9717493,-4.373391,3.450204,6.9925594
-5.9847193,2.4356205,0.9276589,-0.22064956,-6.020858,-4.6075015,3.683249,8.755303
-3.8796668,2.6900132,2.1331546,-1.4337618,-3.7573712,-2.340043,6.071759,4.3280034
-4.175831,2.0023956,1.074365,0.53727335,-5.7479672,-5.9500785,3.4671166,6.755327
-5.3352823,1.7148106,0.6573424,-0.3552052,-5.5888186,-6.566212,3.433278,7.3962054
-1.1034588,3.2464123,1.5821024,1.1783906,-2.844808,-0.2913677,3.5036426,3.2788403
-3.5761259,0.25388184,-1.5289701,0.6979815,-2.5583193,-3.4898353,2.0514545,4.5243263
-1.5417092,4.285289,1.7438483,-0.18115588,-4.125127,-1.1589986,5.1179924,4.0889506
-4.828729,1.1268324,-0.09297529,-1.3192034,-5.902994,-7.408622,2.6268969,5.1836486
-3.9897444,1.9399016,-0.2869067,-1.7276945,-4.8362713,-5.184097,3.8621407,5.9144363
-3.3434532,1.2539055,2.15261,-0.34178224,-4.1690984,-4.802996,4.024123,5.018183
-2.9126134,3.2642188,2.4320436,-0.4853728,-3.3727808,-3.3183198,6.129892,3.713809
-2.513969,-1.5852944,-0.8279501,0.2239225,-2.379932,-4.516339,0.7240336,3.3659556
-3.7725787,1.185395,-1.0000176,0.6063585,-5.6198726,-5.6334925,1.8621179,7.0483904
-1.79473,3.667584,2.155176,-0.20851822,-2.1502686,-0.42681092,5.5849705,1.7744222
-2.549969,2.1111856,1.319188,-0.012463052,-3.4105132,-1.371699,3.763695,4.5140357
-0.090166055,3.657637,0.6693057,0.2576864,-3.0299447,0.27881163,3.2501855,4.5577826
-4.3728914,2.3114288,3.830081,-0.5892682,-3.3733704,-4.1230288,5.716964,2.3582125
-4.278814,2.0582714,-0.35051367,-0.75027174,-6.468751,-7.5329256,2.5247371,6.0675235
-3.3631322,2.9102826,0.31122318,0.67510015,-4.279428,-2.054193,3.9059386,5.9141088
-3.4528368,3.714385,2.0563726,0.24588947,-5.6278725,-2.5383224,4.1912794,4.375057
-5.1885233,3.139351,3.1069849,-1.6282442,-3.871074,-4.6219115,6.6884074,5.1036906
-2.4463654,2.8546615,2.2655342,-1.5537677,-2.6144886,-2.3469114,7.1045103,3.069608
-1.2883394,2.5645714,-0.12653336,1.022049,-4.25811,-1.803293,2.2922254,4.820405
-0.6123022,1.865793,0.7425484,0.8025724,-1.1439133,1.2316977,2.8126564,1.2190282
-2.8877,1.0015153,0.1941581,-0.06527014,-5.3375444,-6.0568414,1.713107,5.6916094
-3.2230387,0.3606728,-0.07473758,1.0693014,-1.4768424,-1.8614467,2.648912,3.7852857
-3.4046934,2.664727,0.5803876,-0.43049362,-3.0757408,-2.6359782,4.619135,5.6318326
-3.5177221,4.29571,1.5113107,-0.3573912,-4.0226574,-2.6311316,6.1800804,4.568305
-4.700754,3.150499,2.068353,-0.9407823,-4.49098,-5.3309665,5.70623,4.749262
-2.546735,3.8191113,2.3562768,-0.60217494,-4.5598097,-1.4157621,4.996895,3.3407652
-1.3360718,4.406959,3.1062362,0.1823502,-4.275581,-1.941827,5.1917458,2.5756357
-0.013891153,2.7165313,0.3004159,-1.166506,-0.86143816,-0.1585775,5.3615217,0.3186949
-4.983107,1.5335388,0.36820862,0.05573551,-4.3540993,-4.718592,3.36594,6.2627635
-2.7406604,3.550859,1.933935,0.53839654,-4.9911766,-1.6798478,3.2952943,6.4087195
-5.0197206,2.6466608,1.5334016,-0.8629298,-5.2472696,-4.7480664,5.109449,7.2766066
-3.2971485,3.7405891,2.400904,1.459694,-5.6700478,-4.9279637,4.1724505,5.0603433
-3.6987383,2.7084007,2.5820057,0.2319008,-4.473414,-5.72217,4.4956074,3.7687085
-1.8487573,4.122324,2.1063473,0.055241387,-4.006456,-0.8279814,4.595998,4.9505115
-1.4518166,3.9947445,0.16162291,-0.3280854,-3.9888592,-1.1037132,3.945341,4.7676635
-3.7036374,3.5619495,3.1032917,0.32916072,-4.981917,-4.172112,5.3656006,5.0089345
-3.897517,3.4030933,3.559086,-1.08862,-2.8555193,-3.880804,7.322503,2.1271574
-2.9915583,1.880744,-0.17900941,0.80861306,-5.73304,-5.6203666,2.1145961,4.999958
-0.54903996,4.6012263,5.0856943,-1.075074,-2.029536,0.20648628,7.2095003,-0.2638923
-3.0861173,2.537245,2.6228185,0.021349829,-4.591697,-1.943184,4.001267,4.1172695
-2.0482116,-1.3854865,-1.6464359,-0.17371269,-3.5716586,-5.5196548,-0.8111172,3.3664217
-4.177432,2.4226968,1.1065719,-0.7761801,-4.4221134,-5.2952776,4.8797383,5.3219705
-2.3824635,4.119293,3.4364822,0.031422894,-3.1278229,-1.7739942,6.4349904,2.3593657
-4.7461147,1.8439014,0.3456343,-0.6083605,-5.282995,-6.7829638,3.3073092,6.0585437
-1.7569914,2.311102,1.6221122,1.9203054,-3.1324255,-1.2247971,3.03695,3.7074075
-4.6566634,1.4475826,0.18819955,0.2231137,-6.8481293,-7.429383,1.8241193,7.8502083
-4.7840333,1.966122,-0.22185743,0.33340767,-6.5872064,-6.4772897,2.837173,8.018545
-6.300738,1.760833,1.3051493,-0.46322688,-6.45108,-6.6089225,3.177454,7.842762
-2.2559502,3.6496727,1.4549764,0.38523605,-2.57451,-0.54196423,5.501569,4.4340343
-3.6623065,1.2997698,0.56235886,-0.16552521,-5.786744,-6.3849044,2.3199031,5.828477
-3.0012617,3.1829953,0.70260155,0.9148796,-4.2760444,-1.9777857,4.1488433,5.745579
-5.0741863,1.9163766,0.9842026,-1.3359585,-6.280503,-7.633088,3.5396504,4.8755016
-4.6014714,1.2409683,-0.41197243,-0.41018018,-6.542279,-7.353214,1.9197901,7.2532353
-3.9432514,0.97084177,-0.3531661,-0.52627707,-5.2361803,-6.7895117,2.8708005,5.630015
-2.7346396,3.4586637,2.3157856,-0.09120716,-3.7773452,-3.9164662,6.3411007,2.5724974
-3.1754768,3.344783,0.549508,-0.10368343,-4.505406,-4.4004893,5.33777,3.974396
-0.8335579,2.0905876,3.4343047,0.81653744,-0.46469957,-0.0711425,5.4110928,-0.26128453
-1.8942871,3.1094413,3.6526568,-0.17181654,-2.5769892,0.07533925,5.1766353,0.7486815
-1.7594788,2.9990416,2.0813656,0.15216307,-3.7025301,-0.481834,3.823709,2.663709
-1.8609624,2.5989318,-0.52284986,1.4270337,-3.769536,-1.2266256,1.9081367,5.749039
-4.8556647,1.5322433,1.4546365,-0.7434947,-2.9850645,-5.0488787,4.3377433,3.9634867
-3.97573,3.6228442,2.1837356,0.114381716,-4.347563,-2.298495,5.5844965,5.39169
-4.347334,1.5914571,2.757427,-1.953867,-3.7047727,-5.2676373,4.904402,3.4864557
-3.0003633,0.773494,0.64320016,1.8341066,-3.581631,-2.3191655,2.2267442,5.1271057
-0.61983657,4.2396564,2.8564985,-3.953701,1.0550534,5.394958,6.7080593,-1.3693552
-1.4254072,4.7695374,1.7642902,-1.0835931,-3.256065,0.10994201,6.0183773,3.0395644
-1.6138203,3.5655956,0.063185245,0.5639642,-4.0275464,-0.6620595,3.1507785,4.720595
-4.7807226,2.4728847,0.13376144,0.030584436,-6.2329793,-6.7786365,3.2793517,7.09678
-0.7750565,3.256258,1.4079039,-0.91403145,-5.2544475,-3.156889,3.0494852,2.683729
-2.5546477,0.29856625,1.6573648,-1.693095,-3.4180083,-4.3162875,3.1388106,2.7419589
-3.4860618,2.7428818,1.5018779,1.2988744,-5.4689007,-3.9563537,3.3498342,6.981471
-4.077088,2.7752454,2.153915,-0.89405024,-4.4855847,-5.635525,5.923829,4.3357077
-4.979012,1.9328582,0.15327469,-0.38524768,-5.989912,-6.047615,3.5661254,6.87461
-5.517551,3.490594,2.6917968,-0.989958,-4.6797657,-5.26834,6.2376213,4.896378
-3.7874172,3.508192,1.3210956,0.9427851,-5.6268816,-3.2012467,4.05099,5.9774485
-2.7096357,1.541678,0.2661856,-0.49962673,-6.4624634,-6.6207743,1.3163247,6.3461375
-3.6037915,1.7994391,0.48948213,0.9782787,-4.912066,-5.457423,3.2880807,5.7313876
-3.5834842,2.4603724,1.7836185,0.2653506,-5.662698,-6.1699767,3.8517745,5.75442
-3.0876405,4.257144,1.1622169,0.4359422,-4.3870115,-2.3467145,5.0728984,4.978214
-2.9880717,3.3692267,-0.12985095,0.80258685,-4.1089683,-1.7316841,3.1740913,5.6387987
-4.850941,2.9712474,1.8091937,-0.32908615,-5.5212326,-5.1654844,5.198067,6.5561295
-4.8503084,3.099451,3.131996,-1.1867019,-4.7884912,-5.521816,6.101207,4.818749
-4.976566,1.9943807,-0.7190546,-0.6893136,-4.8644214,-5.5898986,2.960357,6.0349793
0.48695445,4.239359,2.4773939,-0.8040438,-1.2298269,1.6190724,5.253185,1.2278501
1.3217313,3.137261,0.18617395,-2.0154645,-0.92437387,3.273817,3.7289143,1.6365336
-3.3599434,2.7900174,1.8952409,0.7466676,-4.8505692,-4.108531,4.722933,5.331708
-0.15887588,2.7257717,1.0729357,0.50969607,0.3856754,1.6652751,4.4299684,0.17626423
-5.234491,1.2682317,-0.55661607,-0.62634724,-6.4780807,-7.263514,1.8716606,6.6259713
-2.3043282,3.9377363,1.8462902,-0.1852717,-4.191563,-0.8339904,4.76092,4.3017573
-3.9557602,3.5742402,3.3648636,0.7809878,-5.430104,-3.5206075,5.008833,5.3952804
-0.6688075,1.1541166,1.1964692,-1.1110778,-1.1125683,-0.6151174,3.596797,-0.61321867
-2.0910678,3.0910845,1.3976647,-0.6015102,-4.2790256,-4.1839375,5.159012,4.032982
-1.2245984,2.8280087,0.13922486,0.836333,-4.722258,-1.421027,3.0605044,5.1045566
-3.7991858,2.3289196,0.3989351,-0.1268294,-4.098241,-4.1999063,4.2479525,5.831407
-5.0858335,2.559203,1.2969794,-0.74212074,-4.7646837,-4.2455974,5.307,6.4938765
-2.138051,2.8555305,0.49943355,-0.5029202,-2.61454,-1.0021536,4.5214996,4.840266
-3.8745897,2.8632288,2.5954845,-1.1340301,-4.6190147,-5.9736185,5.4340725,1.743121
-0.18644315,2.1330867,1.7340544,0.7589854,-1.0406015,-1.4002738,4.2445765,-0.17438334
-4.117687,2.1968367,1.4445592,2.0872061,-5.150729,-3.9805753,2.4826965,6.550637
-3.4923234,-1.4520811,0.3817248,0.41443375,-2.446236,-4.221816,0.9802362,4.1523542
-3.017241,2.672215,2.3807743,1.2103448,-3.248955,-2.7793143,4.5236015,2.7239683
-3.3843336,1.395674,1.0143923,-0.9251483,-5.7150574,-6.7382646,2.9859283,5.7044845
-0.3161264,0.7007755,2.2664368,-2.438618,-1.9377233,-3.1563792,2.5420861,0.73778087
-1.9764191,1.4268031,-0.367209,-0.4922845,-3.4794493,-2.5885034,3.7432773,4.269155
-2.2556484,3.8823762,1.718094,0.02313022,-4.926356,-2.1106,4.758478,4.744193
-0.571799,0.48617065,0.88279873,-0.08097841,1.7025826,0.7593543,4.8244443,0.009414973
-1.9507911,2.0989528,0.71203196,-1.3096516,-5.592798,-5.3467374,2.459216,4.959486
-4.4772835,2.7900698,1.0400347,-0.96818525,-5.3177433,-5.507125,4.688404,5.7585387
-0.111973576,3.9151812,2.8811054,-0.17724617,-0.72820306,0.16111404,6.068743,0.05988151
-0.8213222,3.470696,2.4005191,-0.38741395,-3.7652974,0.100948386,3.7487168,1.2721852
-4.585235,1.5881197,3.8630617,-2.4342396,-1.8072037,-1.8130739,4.910707,3.6619768
-0.84365314,3.2892082,0.4971662,0.13263659,-4.345269,-0.21619481,2.6752994,5.9393916
-5.138541,2.3215523,-0.6610767,0.51505774,-6.203796,-5.490927,2.8732715,8.412477
-4.087303,1.8362509,0.863459,-0.078895405,-6.1539383,-6.911876,2.8805737,5.4834228
-1.015388,1.1081244,1.135043,-0.5690096,-1.0579836,-2.485186,3.9771132,-1.5886775
-2.4007466,-0.23405679,-0.82274693,-0.32792953,-4.3330784,-5.8078322,0.91578287,5.3610797
-5.0300293,2.6147025,3.684821,-3.364515,-3.6108646,-5.7811513,6.4169807,1.5404371
-2.2837567,4.794318,2.6695101,0.5792989,-4.7430096,-1.5823541,4.471478,5.224052
-4.696005,2.1022053,3.4542453,-1.4480677,-3.6871512,-4.8413014,5.2352586,4.551198
-1.4956164,3.998866,2.3503063,-0.9144767,-2.8526568,-1.8996452,6.959646,2.3515356
-0.79473835,3.7448525,1.9381692,-0.56234604,0.31057113,1.5270053,6.0453806,1.1089251
-0.034658544,3.9669802,4.238186,-2.0873375,-0.84030956,0.6553169,8.220324,-2.510987
-3.5068624,1.4714746,-0.77726537,1.2669461,-6.718789,-7.112649,1.1787859,6.9814363
-2.7453663,2.2414384,1.5811011,-0.11764307,-5.872451,-6.2709737,2.8109913,5.916123
0.4579097,2.5667038,3.1676526,0.4444764,1.2156065,2.5732024,3.911132,-0.42300832
-3.77302,3.0851305,0.795319,-0.13948233,-4.633302,-2.9479637,5.13366,6.4844737
-0.48175216,1.8338468,2.0000918,2.1874866,-1.7915021,0.06102293,2.6402001,2.0498729
-3.9623766,4.0967655,3.1970332,-1.0847954,-3.027761,-2.7075047,6.938291,2.5366967
-2.3041058,2.803179,2.6759257,2.0181355,-3.8695202,-2.593513,3.149763,5.2047977
-4.889992,3.0695426,0.99081516,0.30915317,-6.2367415,-6.3455596,4.125134,6.8321133
-1.4309328,2.0734313,1.0407535,-0.9912353,-4.6465006,-4.584285,3.1452045,3.1154568
-3.1193974,1.6557727,0.22615895,0.071512505,-6.744207,-7.05794,2.0080893,6.369537
-3.4459589,4.0725865,3.6678488,-0.9482067,-1.7294116,-0.6874196,7.8520904,2.041034
-0.56181157,0.82127416,2.060087,0.18997073,0.32764444,-1.6960827,4.7882433,-0.81403226
-4.7008157,2.5123885,1.6970576,-0.57565814,-5.382537,-4.7756824,3.8248143,6.488664
-3.4431105,2.797879,3.5865905,1.3247414,-4.0311456,-3.5568526,4.829879,3.2219305
-2.794841,3.6166904,1.9636713,0.5782617,-5.2057366,-2.5334992,4.1972847,4.579162
-1.6724784,0.27952754,0.45031717,-0.28867894,-4.1314564,-5.6506634,1.3477875,3.3112004
-2.0781357,4.2500544,1.3633657,0.049678367,-5.045828,-1.8941197,3.2098787,4.8564596
-6.651438,2.4643679,0.9079046,-0.48414233,-6.83069,-6.6945086,3.2562938,9.160598
-0.35924175,2.0686517,0.83639,1.3200366,-0.61498964,1.700064,1.4159348,2.0449307
-3.1342428,2.0709598,-1.1913284,1.7671716,-5.3884993,-4.3375936,1.563307,6.9255176
-3.4983528,4.055525,2.8730984,0.41891888,-4.378345,-3.0716205,5.660165,4.0798063
-4.500845,1.9564378,2.4070494,-2.2614694,-5.029911,-6.993383,4.097421,4.605833
-5.215541,0.9458238,-0.719727,-0.9139362,-5.7750673,-6.9679904,2.0120077,5.851065
-4.9629517,1.7155586,-0.25242284,0.36831024,-6.8844924,-7.7697496,2.0249684,7.3123536
-4.6444097,3.2102242,2.3210018,-0.76343036,-5.5724792,-6.11526,5.655675,5.7674475
-3.3362305,2.4370763,0.82460254,0.22343872,-5.1079683,-5.390061,3.9139488,5.1407576
-0.437239,4.4145975,1.2877678,-2.377106,-1.5873212,3.6229005,4.3463683,1.6703578
-2.6382787,2.013521,-0.6478742,-1.9269402,-3.545196,-3.740751,3.8194776,4.1352887
-3.1834686,1.580952,-0.6115917,1.5423251,-3.3341966,-1.9370027,1.5268682,5.671502
-3.6112611,0.62366927,-0.5038698,-0.30865037,-5.2748795,-6.526565,0.44092774,5.563912
-3.4526784,2.8234987,0.93161076,0.19259219,-5.755163,-5.200057,3.871096,5.143429
-4.295994,1.8859144,2.2601483,-2.4901793,-2.0820465,-5.2453046,4.9742,1.0102137
-4.7978263,2.5810769,1.8119075,-0.5463876,-4.845848,-4.906013,4.7591524,5.6241117
-1.900402,3.443482,1.3339063,1.3926029,-3.764639,-1.4062984,2.8084965,4.5210733
-4.073029,3.6640897,0.98810804,0.60472625,-5.456513,-4.002771,4.5435038,5.9652743
-1.1872654,5.115798,1.8233207,-1.4606795,-4.091853,-0.66749483,4.655262,4.7604165
-1.8887177,3.6492999,2.1093585,0.5686329,-3.864267,-1.3875248,4.7961483,2.8708692
-1.9664495,5.243066,2.145876,-0.41988847,-3.9442418,-0.69457,4.9730897,3.7072752
-2.8692605,-0.7107249,1.107861,-1.4418302,-3.0279965,-5.0508595,2.0574183,2.259188
-1.7506446,2.6431262,0.6360115,-0.69212943,-1.3412703,-0.5682451,5.202276,2.5446985
-5.861497,2.2098086,3.4538844,-2.0920494,-4.51985,-4.5788603,4.937946,5.563346
-3.2941155,1.9857922,0.9054674,-0.28105888,-5.2039585,-6.2700367,3.4160676,5.3055882
0.48447824,2.275774,2.2264903,0.5777324,1.1608425,0.30121392,4.766288,-1.1038511
-2.1850162,3.2675364,1.6690334,2.101304,-4.2131653,-3.3515558,3.6105428,3.1415222
-1.7945735,3.2824693,1.4409808,2.01213,-4.282868,-2.3743384,3.1539998,5.068235
-5.7849274,2.8178282,2.4640915,-1.4466684,-5.2135506,-5.8060517,5.198312,6.4168973
-3.8333077,0.32367262,-0.896412,0.22368734,-6.045824,-7.2960076,0.40461087,5.99781
-5.3888917,2.6064596,0.8004583,-0.5189875,-6.9323273,-7.448673,3.3232536,6.828062
-4.948565,2.4316604,1.556118,0.42978534,-6.349145,-6.2742434,3.1131477,6.262348
-2.2605462,4.542443,3.520177,-0.37316725,-4.4088025,-1.7041736,6.780195,1.7434518
-2.1805363,0.2720134,-1.6694947,-0.9272394,-4.338516,-5.323402,1.304582,3.9354136
-4.033148,3.1956663,0.724594,0.05531178,-5.7375326,-5.213567,4.8751774,5.8444743
-4.4843073,3.357965,2.8208501,-1.5474354,-3.2610147,-4.139869,6.5480804,3.5911543
-3.8114164,3.0939794,1.3098716,-0.9393691,-4.6371937,-4.6316085,5.8878965,4.51472
-4.1442847,2.333717,0.8784744,-1.8055165,-5.1741056,-6.3588543,4.8840284,4.114946
-2.2918766,1.5200396,0.75956714,0.1867883,-4.044825,-6.125861,2.7688713,2.7066257
-5.111783,3.3135471,1.9153897,-0.77354914,-5.0033693,-4.3843474,5.739043,7.1860094
-0.6260914,3.374123,0.7327716,0.155134,-2.8973322,-0.055910416,3.5702586,3.5215447
-2.2440906,3.7062051,2.3021266,0.21633522,-4.2185607,-2.1201987,5.150242,3.13881
-1.5425274,0.20526962,0.23947349,0.40254602,-4.699385,-5.3841124,1.2205318,4.6496835
-4.654272,1.5929838,1.453078,-1.2474409,-3.8221157,-2.8636951,3.6405447,6.270757
-2.0957937,3.3674026,2.0097382,-0.6471259,-2.3583045,-1.7402726,6.2936077,3.6254613
-4.2478013,1.6763504,0.6617085,-0.036815662,-5.305936,-6.9832845,2.9116964,4.0178328
-1.9068065,1.5916306,0.12928602,0.9702968,-3.8486202,-1.8923817,2.615253,5.887907
-1.6554335,4.42626,4.0007706,-0.30130765,-3.1484246,-0.85986155,6.8226857,1.7194856
-4.9699507,2.131259,0.012131777,-0.068565086,-6.8051925,-6.6596723,2.542181,8.52602
-3.9278228,0.6921633,2.237231,-2.2837276,-3.6253736,-5.776845,4.141207,2.4168625
-5.425014,2.573314,3.3771882,-2.050121,-3.63264,-3.4173908,6.064186,3.8649554
-3.5564363,4.352142,2.3782973,0.17267375,-5.59021,-2.3209739,4.4646363,5.6630216
-3.915717,1.5781958,0.585761,0.60108066,-6.6182127,-6.9065027,2.0800993,7.155263
-4.6638803,2.9083607,0.5572588,0.18797855,-5.0981617,-4.1386256,4.351216,6.53653
-5.1967506,0.7341665,0.12350121,-1.3720978,-5.1765814,-6.1598034,1.7928175,7.000121
-2.8239644,1.5195256,-0.024920646,1.6545998,-4.103094,-4.4465775,3.1182873,3.5395923
-5.0408278,3.4593902,1.2974743,0.053794663,-5.5756974,-4.8425007,4.892561,5.6461663
-4.5049,1.9389389,0.6466041,-1.7060012,-6.283585,-7.448897,3.5507154,5.294101
-3.0733378,1.5871098,0.6871819,2.028303,-5.778508,-4.7749834,2.230599,5.72203
-2.5925212,1.5601362,0.47094938,-1.168997,-6.2499695,-6.7115364,1.8541943,5.3158526
0.46885082,3.676681,1.059564,-1.8305562,-2.0564656,3.269776,3.129138,1.1027468
-2.1987636,2.566479,2.0026112,1.0839851,-2.3075814,-1.4082448,4.1134734,3.437159
-2.1793394,0.80025345,1.5819294,-0.4881489,-5.257045,-6.2491956,1.5594356,4.9936056
-4.9992156,2.3960347,3.5528798,-2.0540798,-4.5266037,-4.0531673,5.1650825,5.1476445
-2.733427,3.1090243,0.6882151,0.6941442,-4.2062745,-1.670007,4.0671415,4.4084716
-0.9125194,1.7001207,1.7980136,1.0579615,-1.2710049,0.012609296,3.260645,1.628537
-1.4298947,4.2930336,3.296179,-0.87456685,-1.591779,-1.048779,7.7644835,0.68748814
-1.229147,1.4894891,-1.7081147,-0.44001904,-3.076271,-2.1904998,2.5302148,4.0125847
-4.062438,0.9984299,0.93392485,-0.18510409,-1.5832121,-3.944602,3.8006973,2.004531
-3.2413824,3.2929616,2.5072496,-0.059775967,-4.4323497,-4.522828,5.1335263,4.2680516
-2.4761093,3.7004242,2.1505513,-1.2243571,-5.3774576,-0.9459465,3.3755836,4.6100974
-0.26986307,1.9038112,0.8677694,-2.059962,-0.9985822,-2.63911,4.705544,0.056934416
-5.121953,2.0169542,0.9779209,0.49444064,-5.70719,-4.5301085,2.3830066,8.756757
0.36261213,3.0335693,3.8041904,0.32687274,0.7538024,1.9042258,5.102817,-1.0979568
-1.0587952,3.247987,5.6277485,-0.42059526,-0.021286536,0.9976782,6.9590297,-2.3125618
-4.5317755,3.0241961,1.5804186,1.357537,-6.5314126,-5.267023,2.1647172,8.017664
-3.736369,2.0596666,-0.2538063,-0.26300988,-5.18919,-3.7902727,3.3813298,7.0469537
-2.597596,3.1557343,5.0842576,-1.4778713,-3.207906,-4.5169334,6.297306,0.090227425
-4.702301,2.4245205,0.5558213,0.7287835,-7.035262,-6.9030185,2.4581852,8.478383
-4.7693253,4.111912,2.466639,-0.31551847,-5.5293326,-5.042035,5.489022,5.789585
-1.625225,4.7422285,3.2484226,-0.4820628,-4.0478516,-0.876666,5.872306,3.0190237
-3.2727048,4.2763596,2.4088275,1.1182353,-5.1962795,-2.9056737,4.6262984,5.397243
-0.19557536,-1.5927209,-0.24069902,-0.75144917,0.42985457,-1.1714153,1.7468578,0.54968077
-4.181681,1.3515188,-0.15182939,0.57696867,-4.8231525,-6.149353,2.361351,5.3800416
-2.5210955,-0.0068719583,-0.5244421,0.5469662,-2.7126307,-4.587703,1.9203255,3.5607092
-2.953067,2.0498843,1.8584831,0.29721692,-3.8426626,-0.992899,3.7188876,3.3936992
-4.6994247,1.9806393,-0.5662243,1.0076,-6.892603,-7.314141,1.7269951,6.6718025
-4.5166454,4.0230865,0.5380681,-0.4519274,-5.059388,-2.5463893,4.429018,7.850323
-1.1668832,2.3467903,1.3049284,0.28912094,-5.550881,-1.9544778,2.1904893,4.3716083
-5.9234204,1.8989681,0.37606445,-0.2879885,-6.7640233,-6.7874346,2.799529,8.290837
-4.382866,1.2229124,2.0782545,-1.2627838,-5.855338,-7.492202,2.6974196,5.641818
-6.3181057,1.8995599,1.3711894,-0.46825162,-5.831124,-6.0344195,3.5783472,7.1568494
-3.8677368,2.0953193,1.2624975,1.6010005,-5.1258,-5.583382,2.1982632,6.3542943
-4.328336,0.033618014,2.2198122,-0.763388,-2.013528,-4.742576,2.4430528,2.1613107
0.8961669,1.4533207,3.2245722,2.9274318,2.218067,1.2711822,1.8921123,-1.3038741
-3.0269783,3.334051,1.0140084,1.279458,-5.985232,-2.9288168,2.7102275,6.6128783
-4.1571026,3.629525,2.3478577,-0.5641513,-5.2034564,-5.2013755,5.631664,5.0770235
-3.5679953,2.3802278,0.89567137,-0.93909496,-5.2498803,-5.9864793,4.4428186,4.880125
-0.40696,2.1895335,0.51385677,-0.77963984,-3.5485063,-2.60053,1.9973007,3.0250416
-1.4241618,4.2262077,2.3352625,0.4863675,-3.4680607,-0.6892747,3.6475835,3.954707
-1.3222208,3.3607526,2.0782614,0.66007596,-3.514824,-0.4870134,3.1090007,3.7161627
-4.549441,2.1683297,0.39361373,-0.12790598,-6.1704636,-6.7781515,3.2841463,6.3127933
-2.5563803,3.1854515,0.050917592,0.7307406,-4.1491404,-1.1105741,3.3110487,6.083565
-5.0668993,2.7862344,0.3966667,0.40686908,-5.5819845,-3.8861713,3.7180688,7.652381
-0.7023146,4.1874223,2.8145676,0.6411602,-2.8144524,-0.36450356,3.7835555,3.0334997
-0.94352734,3.407053,2.7821765,-0.13796325,-3.2512555,-0.11638493,4.5647616,1.3824712
-3.054586,1.3022442,-0.9464507,-0.40583673,-4.9642925,-5.8530455,2.406955,5.128824
-2.7738109,2.0947323,0.5392226,1.4247313,-5.922028,-5.562567,2.2983215,4.82059
-0.6062205,3.3373742,1.7307372,-1.1207757,-5.3483644,-2.2512307,3.5487256,2.8122027
-4.0267625,2.5647743,0.54616207,-0.4670566,-4.70305,-5.142457,4.7538223,5.468853
-2.651343,1.2847878,2.2105992,-1.3185166,-1.2685425,-3.2729309,5.177087,1.7292436
-2.9254441,4.0886807,1.208027,-0.18073077,-3.79857,-1.9687055,5.477911,4.162186
-4.191533,3.4284945,4.388112,0.6415646,-5.117818,-4.1015315,4.9318547,4.8399577
-2.1326869,-0.009632488,0.79224384,0.5680286,-1.6928757,-2.3956707,2.4010696,3.5985546
-2.4935288,1.271358,1.2327884,-0.36867294,-5.438403,-6.1388206,2.7074366,4.7728887
-5.170557,3.4626932,2.6487162,-1.1949644,-6.1553135,-6.6225133,5.3314357,6.177434
-2.0766442,4.33523,3.0804508,-1.0551571,-3.9600303,-1.6652539,6.906872,1.7812711
-5.2332454,2.7936351,0.9144842,-0.01788028,-5.7200575,-6.1875906,4.1117663,6.6040077
-4.902713,0.36672875,-0.2379314,-1.052326,-5.025774,-6.5174737,2.0679224,6.8538065
-4.158682,1.0404888,0.40963432,-0.018597532,-6.664022,-7.7199645,1.7584635,6.8670335
-4.8610196,2.0998921,0.23194334,-0.40285847,-4.7770953,-3.5696077,3.4616506,7.0947056
-2.5689845,3.41638,1.4868287,0.18101858,-4.628337,-3.9162686,4.6184216,3.6796
-4.874626,2.9888628,0.2900878,0.78140277,-6.34244,-4.8203907,3.5372162,7.364087
-3.4278731,1.7321653,1.1797482,1.6164191,-4.7088585,-3.6122916,2.4454057,5.544892
-0.67047524,4.576719,3.237785,-0.94500786,-2.7797136,-0.21027726,6.597576,0.45847434
-3.2018776,2.0071871,0.68425333,-0.5034705,-3.7442365,-4.168368,4.493134,5.2364655
-1.5338036,1.4748045,1.7688284,0.8961876,-2.3091867,-2.4040244,3.1854687,2.3118742
-2.6894696,3.0744705,2.5744956,1.151544,-4.1685047,-2.728318,4.2637677,4.0660577
-4.6469355,2.2808502,1.1322588,-0.2962109,-4.390806,-5.790736,4.177999,3.6580148
-4.9659176,1.1520199,1.0841051,-0.19325219,-5.913206,-6.6577396,2.5533037,6.937912
-3.6988251,3.4638557,2.1160283,-0.044962604,-4.290605,-4.4547215,6.08874,4.4342494
-5.2279387,2.2427053,-0.14173785,-0.13519879,-7.301479,-8.167396,2.3992643,6.8446164
-2.1752808,1.5813173,1.651479,-1.7889986,-4.4453373,-5.647643,2.4945402,3.304766
-2.8494713,3.1829698,2.567837,-1.0659957,-2.395901,-3.971855,6.606309,1.8390096
-3.7610145,1.0234425,-1.3398212,1.0079478,-6.5140634,-6.9892044,1.0083991,7.6217647
-1.3828545,4.024769,5.316885,-1.2962337,-2.5200663,-0.26558036,7.366249,0.108634055
-1.6890522,4.397682,2.4481106,-0.62090534,-4.353864,-1.2974013,5.691284,3.524426
-1.5803759,1.1731968,-0.85665894,1.3289735,-3.6865797,-3.583406,1.7056918,4.7147417
-3.996176,1.467988,1.9807769,-1.612828,-5.4629583,-6.897619,3.652078,4.838898
-2.0346096,3.7859287,2.207711,0.04647116,-5.6414485,-1.8742464,2.9402752,5.582084
-3.161079,4.1668005,2.6536667,-0.12707587,-5.2002807,-2.6238337,4.945599,5.106767
-4.320892,3.2903328,1.4789264,0.7195505,-5.7508593,-5.053181,4.3396306,5.850895
-1.1898845,1.5185541,0.58447564,1.7857873,-2.844261,-2.1273673,2.5666087,4.0453234
-5.824522,2.042656,0.27745903,-0.31115636,-6.5170937,-6.020223,2.7785273,8.789817
-3.1307185,-0.7648717,-0.85048574,1.0438253,-3.648106,-5.965429,-0.24434759,5.035198
-4.0327888,1.4189725,2.4129245,-0.38010398,-5.572448,-7.327748,3.23612,4.251776
-2.4522529,2.4553318,2.2963595,-1.5893209,-4.5698547,-5.6464276,5.355525,2.8051724
-1.5495958,2.9502382,1.2212448,-0.27774927,-4.149269,-0.66616005,4.1535716,2.4863012
0.22677657,4.0160127,3.88844,-1.0552182,0.040595364,1.1704535,7.369166,-1.8905584
-3.0332487,3.2848444,0.7960061,0.08466606,-4.7743144,-1.6566017,3.6498995,5.3231874
-3.421294,1.7990597,-0.8037042,0.038687628,-5.0177345,-5.6094885,3.124806,4.8550715
-0.35811362,3.4294271,1.0674247,0.48594812,-3.1969192,0.19443983,3.459814,3.1785846
-4.582171,0.49666378,1.2692902,-0.93629843,-3.76712,-6.02359,2.297587,4.4003086
-2.6372392,-0.13906027,0.07376394,-0.099602655,-2.4309244,-5.279086,1.5800451,3.4467845
-4.2421045,2.570001,1.6599537,0.02294628,-2.925947,-3.8434749,5.3601365,3.5627751
-3.0195181,2.2194035,1.1500713,-2.2264936,-2.9230514,-4.473188,5.3581944,2.683728
-4.5346303,2.9044971,0.6811019,-1.2994609,-4.1391764,-2.498312,5.730959,6.285352
-5.609529,3.3040981,2.0665455,-1.3158724,-5.4058166,-6.01178,5.7211657,5.654828
-2.913514,2.96213,0.053608682,1.5139277,-5.7749643,-4.4694166,3.399204,5.440156
-1.9968314,4.162997,1.5007399,-0.42825267,-4.404433,-1.2174655,4.5787015,4.0994334
-3.631892,2.4292228,1.2093475,-0.51931447,-6.056658,-7.0003705,3.505835,4.1569114
-2.5146973,1.2384765,2.7335727,-1.6126753,-3.7944856,-5.1938677,3.753719,2.5567336
-4.264657,1.6996179,-0.48682013,0.95196027,-8.24801,-8.2143755,0.50830877,7.9267106
-4.2602606,2.4716816,0.38531962,1.7630808,-6.7980695,-6.348558,2.5380554,7.7110124
-0.23875713,3.3216157,2.6006598,0.77647144,-2.4582965,-0.0934673,3.7780004,1.39138
6.382905,-1.9563102,0.6205054,3.9065979,8.401293,6.7943606,-3.558343,-5.3194413
4.577377,-1.6361104,1.2706593,0.30064806,8.979418,7.1280136,1.2671609,-5.080034
5.6885853,-0.7681391,0.47929743,0.8577766,8.865191,8.664049,-1.7999195,-7.009499
0.65577316,0.08694378,2.1775565,-0.6215851,4.007082,2.0001438,5.2421484,-4.6734924
3.6961572,0.8221191,2.5295277,2.191919,4.5685725,5.5611973,-1.2948937,-3.7212563
4.028492,-1.2741446,0.9237299,4.520584,7.473823,5.1193743,-5.6845326,-3.0629349
4.2021046,-2.2550647,0.07212362,4.1862135,7.344848,3.6554923,-1.9638852,-5.9144187
5.743447,-1.4021958,2.675316,0.9925546,10.531712,7.81954,0.905175,-10.279753
6.82053,-3.3283544,-1.2881769,4.374611,8.84155,5.0700674,-5.6636324,-5.337883
6.6278753,-1.6307775,2.1818712,0.91689426,8.363222,5.0170937,0.085158095,-9.370613
5.7951717,-0.15900077,1.4111383,-0.8008201,8.805464,9.310571,-0.06330313,-7.6673226
5.351887,-1.43635,1.7208573,0.7549215,9.510327,8.093143,-0.33104372,-7.9234576
4.1400194,-5.952422,-1.4622177,4.2121806,7.236372,0.3215106,-7.7694783,-4.568338
6.5896387,-1.9035925,-0.6156225,3.5339525,7.6151624,6.2026324,-4.4348764,-4.778028
5.516576,-1.8161919,-0.1304727,1.3148971,6.5020733,4.3518896,0.100541934,-6.5788994
5.048196,-1.134139,0.5348253,2.1080472,7.99024,6.5380263,-0.19059397,-6.6611953
4.919632,-4.526471,-2.7318597,5.8361416,6.5371237,1.4645332,-8.857521,-2.9378347
4.9176507,-1.8608379,-1.0113004,6.257008,6.1404066,3.0947552,-6.166381,-2.5385597
6.0017138,-1.4475546,0.0359576,3.2883923,6.8568482,5.9254003,-3.639787,-5.9394526
4.969138,-2.264559,0.8410984,4.70891,7.437807,5.038267,-3.8147268,-4.2816195
7.3911705,-3.3190317,-0.9289667,3.271935,8.977776,6.0619574,-6.802485,-6.8000083
4.550247,-1.473237,0.30729964,4.9136,6.874299,4.741282,-4.023755,-4.599581
5.614208,-1.9106748,1.2734195,1.65646,10.142181,7.511844,-2.5671687,-8.050767
3.9174814,-0.25679633,1.6937484,0.6562845,6.7294564,5.8640785,2.8078141,-7.253536
4.9982347,-1.7193445,1.1684906,0.88489056,8.952852,6.485369,1.8821081,-8.041359
5.97875,-1.5456614,-0.60297906,3.7415469,7.4921083,5.4357324,-4.068072,-4.920056
5.2072535,-4.437312,-2.8546507,6.097584,5.347954,0.2588449,-8.931931,-1.1706431
4.9022484,-1.5431317,1.585457,2.8464453,9.944401,7.5572524,-1.2438624,-6.989883
5.5012517,-4.296295,-2.3407552,4.9240317,7.4279313,1.9938836,-7.214161,-5.7480454
6.066666,-4.4995313,-2.4792461,5.5102673,7.03732,2.2979295,-8.358582,-4.1918178
5.932844,-2.4610996,1.4062685,-0.85104555,9.092625,5.578525,1.5612246,-9.698056
4.8708067,-2.950608,0.33812192,6.0350304,6.4921536,1.8519833,-4.2069464,-4.8849945
4.9034004,-3.5027974,0.30338886,1.3509424,8.006214,5.0930367,-3.7709138,-6.6036515
0.98314804,1.3404759,-0.029257808,1.1554518,-1.6839571,-0.98093635,1.1804917,0.037325263
4.636846,-4.8022995,-3.392237,5.4196653,5.3121223,-0.18474215,-9.811842,-1.850117
5.0157495,-2.1695487,0.3490303,0.07799904,8.829069,6.167484,-0.0036326777,-7.3714314
3.3182633,0.25422922,2.5754702,0.13641368,7.4694757,5.215536,3.892317,-6.759336
5.2317724,-0.03788628,1.6844816,1.1671225,7.9524946,7.5823855,1.2461857,-7.057343
4.6975775,-2.4151282,0.24724755,4.69553,8.14171,3.8573766,-3.038526,-5.84476
5.889886,-4.1628947,-2.2488449,4.014441,8.321664,3.7560444,-7.8686113,-5.813662
5.960861,-4.654896,-2.855068,4.9849863,6.858526,2.2577748,-9.404612,-2.6005614
7.176506,-3.4807718,-1.3543743,2.967092,8.966915,5.8175316,-7.6160297,-6.076509
4.451749,-1.5320716,0.74596775,1.3210403,7.0868444,4.7554708,1.4561813,-6.6919456
5.3117743,-0.22437902,3.2286508,0.98032606,9.261692,7.2792788,2.0161996,-9.19683
4.76025,-4.967714,-3.3761408,5.0899773,5.8022504,0.23466188,-9.860592,-1.5655968
5.2606187,-5.0855465,-3.0966308,4.7151976,7.0320287,1.1699239,-9.351464,-3.008445
3.7885923,0.41266534,1.4055208,2.5755198,6.9986486,4.336348,1.0745895,-4.39922
2.5388381,0.5358982,2.1188002,0.82600397,4.060462,4.1512136,3.399411,-5.480732
3.1707551,-4.310181,0.12365472,-0.96897477,6.409895,1.6708243,-3.0817602,-5.5538096
4.2869177,-3.0624392,-0.2709857,4.772513,8.013624,2.8873725,-4.0162287,-6.342826
6.185927,-4.122935,-2.2424064,3.7066631,7.843546,3.936651,-8.654722,-5.0572295
6.5211387,-2.0850642,1.0764844,1.1205455,10.827726,8.715591,-2.437402,-9.383564
6.28798,-1.6082513,0.8258929,2.6892352,8.871143,7.014163,-3.225171,-6.469056
-0.6350318,3.064362,0.844566,-0.76105994,-0.5427905,1.2593232,5.448108,2.1963875
3.1145232,1.8343761,2.0004368,1.168889,2.0930665,3.3113694,2.2787693,-2.8144004
5.156437,0.18135242,2.7516196,0.09846859,9.638672,8.07065,2.5542793,-9.540906
5.0096803,-0.12268411,1.1255028,1.9516929,8.596062,6.691729,0.49497294,-6.58677
5.300074,-4.4103146,-2.8851707,5.4043236,6.169597,1.6498578,-9.18778,-2.9000928
5.1516247,-2.9980712,0.20504689,5.0448046,7.9955425,4.7719035,-4.182251,-5.9194484
5.5982966,-4.812232,-2.1278455,6.36897,6.266835,0.625065,-8.734532,-3.4048274
3.6979911,0.5690316,0.6896701,1.3462099,3.9077787,6.4298525,-1.9487764,-2.661836
6.4534497,-2.5551076,-1.6119478,4.9239087,8.093952,4.5283675,-6.4700813,-5.315788
7.2475348,-2.005699,1.5875268,0.79594237,9.998558,7.0810585,0.70107496,-11.015311
3.3980925,-0.51778567,1.6589574,1.4169877,3.735076,3.342486,2.7687871,-4.326134
5.954173,-4.4174137,-2.5127907,3.2329085,7.8726897,3.1967678,-8.801455,-4.8177876
2.2330205,0.7357955,2.7341173,1.1711788,4.593198,4.295522,2.9508276,-4.2121177
5.23143,-3.0172966,0.027997103,1.6168327,7.5729384,3.6165638,-1.8474735,-7.432254
5.572272,-4.607519,-2.863542,5.4180374,6.300326,1.371083,-9.203432,-2.7716663
4.7611065,-4.327281,-2.4489188,5.640519,6.9333906,1.9953144,-7.792568,-3.7928426
7.0048404,-2.7078283,-0.76037216,4.0674562,9.703665,6.399772,-6.4605417,-6.1912637
3.293998,-3.793728,1.5552827,-0.495716,6.59274,2.0240436,-2.2864966,-6.711374
5.8584704,-3.3694649,-1.8974857,3.4955864,8.86092,4.921114,-6.377176,-6.3862453
7.1444564,-0.4837338,2.7760303,-0.30102238,10.933626,9.9747305,1.2900925,-11.599858
4.5761156,-0.35593602,2.126488,0.37888733,6.0338926,4.467816,0.88978815,-7.905077
2.7564785,-1.5880575,1.7953564,5.1521673,6.366852,3.62931,-5.6200924,-2.9476192
6.561688,-2.1174114,-0.9258791,4.445863,9.062065,5.908249,-5.8860664,-4.2059755
5.2074575,-0.8034936,0.97306216,4.4117074,7.8598747,5.673307,-5.823018,-4.727307
4.5236473,-4.5480413,-3.2268794,5.7052417,5.859907,0.5634914,-9.149975,-2.530288
4.1426487,0.41094592,1.0469733,0.84670573,4.7154646,6.459433,-1.0977027,-4.762297
5.33533,0.0130897565,0.20531228,1.4023346,6.891356,7.1426816,-0.35629457,-5.1852484
6.581553,-2.1315942,0.14396358,3.6977773,10.136277,6.90755,-4.1097665,-7.1005936
6.6818724,-3.4697115,-0.5158199,3.5243294,9.816132,5.5856023,-3.1346002,-7.7411323
5.153023,-2.3630602,-0.24052629,2.4765558,7.791042,3.5158691,-0.9071291,-7.484608
6.2961674,-1.5335778,0.011743691,2.7689755,8.132426,6.3854527,-2.706844,-5.8256483
5.602087,-3.6773105,-1.5964136,6.1301937,7.3246894,2.7221127,-7.543116,-3.1034415
6.8111258,-1.8363205,1.3686585,2.5875304,9.499208,7.5698953,-3.023202,-8.339175
4.3198614,-4.821436,-3.1741464,5.7546425,5.680066,0.03472119,-9.074284,-2.5726914
5.162079,-2.309731,0.8295388,0.037100356,9.036158,4.402933,1.4577925,-9.626658
4.117689,-0.023350436,-1.1216265,1.0483541,3.836493,5.9416833,-0.9795115,-2.4940314
4.2598925,-0.94286084,1.1463486,2.824626,7.7519746,4.4263315,0.18566953,-6.1493177
6.155173,0.62227726,3.8332856,-3.6523736,10.620621,8.936479,5.573746,-13.277813
6.53484,-3.444336,-1.4611734,2.7541268,8.999664,5.724804,-7.9273844,-6.1066413
6.4309454,-3.6645126,-0.51870394,4.8218465,9.072081,4.4889026,-4.885643,-7.2975755
5.6280856,-2.2142382,-0.37333125,2.851229,6.921326,4.451955,-2.0233197,-6.625051
7.218226,-2.6332083,-0.4373189,4.298953,9.87812,6.698966,-5.696363,-6.6838255
7.172959,-3.420136,-0.36785033,2.9681222,10.742442,7.073472,-4.379412,-8.614289
5.530609,-1.251643,1.8862756,0.30395177,8.931647,7.927238,-0.23713286,-8.04374
4.661298,-1.0752431,1.50234,-1.9703515,9.789265,9.264369,0.31656933,-7.701398
4.874987,-4.577337,-1.8520728,6.3123875,6.537957,1.3578365,-8.001737,-3.5233524
2.3057148,-0.461612,1.0787641,1.36463,3.6430438,4.027933,0.6535359,-2.6778493
6.9958086,-3.481938,-1.7917233,3.5905778,7.8446026,4.7055573,-8.390341,-5.441311
4.611746,-0.08677479,3.397046,0.21720187,7.8110256,7.5796375,2.7701476,-8.456037
2.5462575,0.47791937,1.7418913,0.08808021,4.6021514,5.3290963,-0.34693372,-4.240937
2.6424134,-2.1466558,1.6403556,3.659196,7.075861,3.9873714,-3.0513794,-3.8826342
4.6773005,-0.3285149,1.010139,1.3937051,7.0965233,4.7192216,2.2770796,-5.627634
2.7431595,0.33518502,3.984791,2.0425422,7.7289305,6.0260687,-0.9471445,-5.443936
6.0467987,-2.0496078,-1.5160073,4.2468853,8.226784,4.8699164,-5.388398,-4.2582088
4.208639,-2.8157434,0.4663593,0.7925789,7.6681943,4.302144,-2.4687963,-6.4219556
6.321994,-1.0744033,-0.28567827,2.4232273,8.983269,6.4687457,-1.9626422,-6.3587923
4.4921713,-0.13709159,0.7391747,1.7746496,7.143776,7.055716,0.5139613,-5.520589
4.603321,-4.9662466,-3.214775,5.638858,5.4351454,0.05883508,-9.588915,-1.7506672
4.9228153,-5.0749097,-3.4441302,4.59755,6.316055,0.6065374,-9.578819,-1.6955203
6.384905,-1.4592744,1.4735824,1.8234172,10.515232,8.504644,-2.4136405,-8.751008
5.15464,-1.7453452,-1.2233487,2.7294781,5.7337914,5.4613824,-3.5966535,-2.9919698
2.2360702,-1.4906456,1.267289,4.135322,6.3805003,3.7491133,-5.731152,-1.6632525
5.277556,-1.6569872,-0.054282192,0.51894754,6.8853183,5.2965703,0.196223,-7.2990165
3.7081316,0.63332504,2.3755245,0.52623934,6.8977375,5.5150843,2.6697817,-7.098147
4.903273,-2.5070312,1.0150688,4.9737034,8.699469,5.1148634,-3.699858,-5.548896
5.1211653,-2.1295202,1.1617745,-0.15387478,8.899819,4.369916,2.119917,-8.973229
6.9029617,-3.436806,-1.1168514,3.1796556,8.875425,5.4645033,-7.5543737,-6.7045894
6.0193086,-1.1572354,1.6137019,2.054385,8.403962,6.8421025,-1.3468516,-7.0554867
5.223914,-5.3422775,-2.8534114,4.74054,7.0513716,0.82702905,-9.026873,-3.4354131
5.0519676,-4.4156494,-2.847767,4.96218,6.7396593,1.2749525,-8.455358,-2.0002582
7.018566,-0.13240136,3.4336998,1.0977588,10.276689,8.252636,0.62603796,-10.99573
0.886156,-0.6887134,0.39804348,1.8198189,4.4734945,0.96178347,2.3444717,-2.2477663
5.266638,-5.0973697,-2.6511815,5.0227804,7.166605,1.3955481,-8.69809,-3.9644864
2.8154683,-0.5909154,2.5032508,3.8806806,6.7282434,4.8294425,-4.874968,-3.8093867
6.0071507,-3.5500238,0.081949875,4.502836,7.0067472,3.6564662,-4.0093746,-5.383459
5.0977263,-4.566508,-2.8051224,5.825861,6.746334,1.4633365,-8.575806,-2.0059905
2.9766557,2.0283065,1.8155895,-0.08911009,3.4290574,5.354031,2.9539068,-3.66377
6.2753267,-0.65524524,3.2397935,0.19067208,9.701833,7.2273374,2.4471445,-12.111274
4.175149,-0.70029575,1.4811913,0.6660487,8.678072,6.521591,2.1245246,-5.161715
7.1646547,-3.0045996,-0.44421136,2.4949486,10.144179,7.1333976,-5.3657207,-8.274255
4.7826552,-3.7030125,-1.2158533,2.403076,7.022391,4.2287245,-4.1113434,-4.2918353
4.9180064,-0.8396283,2.6771543,3.5277004,7.7413616,6.1903367,-1.4751965,-7.4268007
4.6884427,-2.1932044,-1.2558886,0.12212841,5.1158304,4.1848836,-0.4594576,-4.1970344
5.618794,-1.157979,0.7206172,1.9666972,8.480939,5.8002915,-0.25984716,-8.0447035
3.27256,-3.0900717,-0.9062954,6.648198,5.517656,0.49131703,-6.0808887,-1.717382
3.4420562,-4.698244,-3.3004658,6.0628643,5.148563,-0.73536485,-9.654838,-0.08789271
1.592294,-3.999554,-0.834243,3.4684758,6.4671173,-0.5595308,-4.042104,-2.0572634
5.6847067,-3.3485105,-0.798539,4.5404034,7.678385,2.116953,-3.8799067,-6.788547
6.1779585,-0.15493788,0.39966205,1.0806134,8.907504,7.7151437,-0.32253373,-6.981961
6.8685455,-3.3432403,-0.9779445,3.2575743,8.859536,5.5578895,-7.4319754,-7.3107333
6.2509327,-2.1930606,0.10744187,2.4743402,10.097449,6.082903,-1.3065703,-8.322064
5.452811,-2.871663,-0.024678294,3.910581,8.663389,4.6337957,-5.7205424,-6.8608937
5.0880985,-3.6999865,-2.7927144,5.7431803,6.5032806,1.4938205,-6.8546515,-3.5788505
4.540063,-2.0064068,1.0793447,4.7869844,8.973398,4.738054,-3.4001107,-6.339067
8.09201,-1.6577219,1.6666554,1.7787504,9.641666,8.07793,-1.605923,-9.340812
5.086324,-1.2483844,1.8993713,2.4857056,8.347388,7.117955,0.1793258,-7.3262215
5.4697785,-1.7709186,1.8164973,0.47520944,8.076062,6.2680516,-1.7604593,-7.413337
6.16334,-2.0509386,1.589707,1.8971846,8.978247,5.985857,-0.35209668,-9.029572
3.9002616,-0.6734615,0.9978876,1.171788,4.98355,3.372907,1.1485065,-3.0306633
6.9180737,-3.0090199,-1.2146901,2.5178537,9.718962,6.275975,-6.7397523,-7.087478
7.456727,-3.1592245,-0.22380355,3.634267,8.574251,5.418338,-6.8069954,-7.0249825
2.2308424,2.232822,1.0686673,-0.7046557,3.3856127,4.137353,5.167801,-3.186872
6.445712,-2.5874872,0.6171682,2.7260354,9.809332,7.0098424,-3.0015247,-7.321438
5.1079817,-1.4068358,0.63096493,4.123013,7.7719793,5.7283144,-5.506813,-4.070637
5.7690415,0.016935151,4.1432095,-1.2183161,9.302965,7.4507976,5.413517,-11.900674
4.7187567,0.66814893,3.1888475,-0.54792374,7.354287,7.3738685,3.8805711,-9.406689
5.008419,-2.8473868,2.746836,-0.8717246,8.928294,6.4261036,0.63197184,-7.6465755
3.9255586,-3.2862525,1.7986233,1.7493896,7.885318,3.2415705,0.7903993,-6.1310787
7.2888494,-3.0506873,-1.2180277,3.1019828,9.7321,6.508371,-6.5528355,-7.59157
6.8846035,-1.0450025,2.0692976,-0.46273604,10.527656,7.9029994,1.5660993,-10.739569
3.3659103,-3.8658397,0.268931,-1.4887741,6.8397884,2.693168,-2.4311996,-6.108521
6.9006023,-2.430019,0.33849367,1.9178158,10.345258,7.862931,-2.4404628,-8.871777
4.0126133,-6.02006,-2.2492206,3.4342659,7.165345,0.6381138,-8.683158,-3.5014918
4.3070984,-0.64568055,2.9943142,3.626722,8.213641,6.027504,-3.7890368,-4.7302694
5.862227,-1.1701219,1.8051792,0.5882144,9.651825,8.179831,-1.9521223,-7.9106736
5.291204,-2.632754,-1.9390972,5.6618395,7.2152314,3.4738362,-6.6880245,-3.1510818
6.070011,-1.6999654,-0.52190167,3.8118727,9.029377,6.3085814,-4.0798154,-6.249356
4.6644716,-1.1279233,0.72940373,-0.5565535,6.4808,3.7320757,3.061672,-7.346308
6.6650543,-1.1909106,0.23823902,2.6979642,9.7908945,7.0734587,-2.0117915,-6.2435236
5.1806707,-1.7705407,1.1265266,3.3069084,9.175589,6.8328757,-1.7323216,-6.854136
5.594818,-0.719313,-0.74187887,2.9493966,8.761089,6.054991,-3.053532,-5.028547
4.4317517,-0.23912938,1.7104625,1.9005634,8.226891,6.11963,1.5602549,-7.180481
5.7877254,-4.6047177,-2.7043893,3.67913,7.3788023,2.8539486,-8.715773,-4.61659
5.7128887,-4.1883497,-2.1107593,4.181551,8.445333,3.5918536,-6.859848,-5.3465858
4.5482435,0.24337398,1.8966902,-0.01880296,6.563764,6.7138853,2.2231529,-7.3831124
4.124748,0.37473735,2.8874607,0.96322197,7.182208,6.946343,-3.7658029,-4.0602555
4.132106,-5.3500104,-2.6058977,4.032457,6.7274256,0.05034309,-9.698004,-3.7196429
4.969907,-0.13835587,0.5511432,1.4085958,4.773221,6.0801787,0.118722185,-3.9624698
1.5485375,1.5271226,1.8083901,2.004956,2.142366,2.5555851,2.4597995,-1.6255752
5.0548515,1.5650853,4.299158,-1.3519425,6.28821,5.5457892,3.9094505,-8.579039
4.2823343,-1.6423461,0.8589799,4.076989,8.042576,5.7067637,-2.596069,-5.7921853
5.878233,-1.6121199,0.021728154,4.3074284,7.306612,5.466871,-3.8592553,-4.984036
5.3869567,-4.488986,-2.4136841,5.3067427,6.6830387,2.0376225,-8.260078,-3.2716272
4.8844805,-3.6014361,-1.1524565,4.5234942,7.5949435,2.5878983,-3.7858791,-5.754983
5.134074,-0.26472792,2.5929341,0.964652,8.763184,7.270583,1.7775499,-8.441428
5.097207,-1.8642576,0.5234859,4.518939,8.31521,5.381001,-4.100723,-4.2964473
4.2708807,0.091541745,1.5926706,1.1649566,2.9253762,3.4418154,0.5319578,-5.0225167
5.4958134,-5.092173,-3.0772967,4.424896,6.6758614,1.6736323,-9.799004,-2.9158638
4.897772,-4.7702293,-2.546406,6.1898527,6.2992277,1.0134656,-8.6333,-2.346222
5.839624,-4.2511253,-2.2615979,2.8674366,8.446779,4.535869,-8.32497,-4.24724
2.0307555,1.3277369,3.342424,2.124108,4.524501,3.0378027,2.4871693,-4.13402
2.639877,-5.5841584,-2.6966305,6.104802,4.6814437,-2.4284143,-9.907772,-0.08377868
3.7227862,-2.5669637,0.37394318,3.3525865,8.0217,5.6711135,-2.7846544,-3.3009436
5.426176,-2.936975,-0.7008158,4.157346,8.15488,4.9341135,-3.4965959,-4.6681075
4.84888,-2.29174,1.2633762,2.1223295,8.518352,6.204451,-0.65089035,-7.8267636
5.678157,-1.2411443,1.2685913,2.2624738,8.187331,7.0598283,-0.20433904,-6.518387
6.4034276,-3.5631046,-0.42495576,3.0693462,9.747868,6.3144684,-5.264924,-6.8233724
6.7873545,-4.4399066,-0.75348306,4.250048,8.862697,3.5699303,-6.19196,-6.559318
5.7053623,-0.31381646,1.2159498,0.5770977,8.879657,8.813068,0.4440695,-8.122831
4.7133336,0.2055823,2.0773761,1.7183806,7.6253815,5.8747463,1.6773026,-6.7732434
3.10766,-5.792973,-2.1649837,3.4517677,6.6917615,-0.25699872,-9.060915,-2.466972
3.8714678,0.71072394,3.8619547,1.8628132,4.7788754,5.023013,1.5613533,-6.1912317
3.990339,-0.9077152,2.9258425,0.82947487,8.180031,5.3632784,3.6513326,-8.661128
-3.3641524,-0.09583863,-0.9969025,1.2186177,-2.3499334,-4.8275595,0.93624955,2.0831938
4.2284474,-2.9529214,-0.9129838,4.676992,8.309717,2.8430622,-3.7578354,-5.6128273
7.0636334,-2.157971,-0.40948948,3.1185336,10.396592,7.648545,-4.914969,-5.9105353
3.7600453,-4.8580966,-3.2671375,5.5203266,5.7829514,-0.69412357,-8.986907,-2.0094604
5.332836,-2.6781566,-1.156041,5.8411474,7.0893884,4.04919,-6.679864,-3.5506632
5.421356,-0.8142004,0.06757647,3.5410345,9.280177,6.763251,-3.1326547,-6.430467
4.1547623,-2.8469124,0.0025785528,5.6983085,7.1905565,3.3895757,-5.3707237,-3.4961417
4.9549775,-0.62699974,1.789179,2.9331443,8.491474,6.912102,-1.209545,-6.988581
4.4286613,-0.7947645,0.14290789,0.92075974,6.9909215,5.1917133,0.9446187,-4.45232
-1.2995687,2.1438632,1.2384931,0.76965207,-0.58471197,1.1700602,3.8302875,1.5760193
5.5739813,-4.5313606,-1.3196999,5.0663586,8.306435,3.1030967,-5.9308987,-6.6340923
4.433681,-4.500018,-2.4156294,6.5109925,5.384043,0.14301854,-8.698172,-2.5645225
-2.2610557,4.049666,3.2971363,-0.94163364,-1.9503862,-0.09693212,6.4788203,2.479754
5.6962433,-2.228492,-0.8892566,1.3042558,7.667404,5.4568057,-4.2655215,-5.7817082
5.628704,-2.3322356,0.404254,3.1241891,9.525862,6.6708307,-3.5672872,-5.6256747
5.471985,-1.1911079,0.40377945,2.4708564,8.347958,6.4807563,-1.1706319,-6.675927
4.3974943,-4.888632,-3.0369775,5.4829907,5.7102823,0.22065526,-9.417086,-1.4269189
3.4890504,1.0582985,2.808402,-3.1668863,8.158051,9.336058,3.8953183,-8.194728
4.4271765,-4.776923,-0.44322792,2.8380826,6.405274,0.96253794,-6.15042,-4.61122
1.0825989,1.5067798,2.5916498,1.637983,1.1130813,1.533244,3.6259997,-2.6099982
3.6733012,0.10079638,3.856387,1.3442858,7.8088393,6.749713,-3.1748123,-5.8095875
4.3069277,-1.8584261,0.24114645,4.4787574,6.16471,3.7656574,-3.2862742,-5.4666343
6.415923,-4.672911,-2.2833185,4.7771034,6.633984,2.1587849,-9.160164,-3.4744017
6.1612988,0.6301019,3.7617362,-1.9591007,7.421779,6.782353,5.790121,-10.650749
5.8731694,-4.30966,-2.7384832,5.3507113,6.3967505,2.2164598,-8.797575,-3.8019958
4.53355,-0.19013901,1.4029671,4.1658497,7.120886,5.351734,-5.523999,-3.8200076
6.152833,-1.5037465,0.8036709,1.1194961,9.584859,7.504834,0.6229049,-8.453197
5.4291716,-1.1466357,0.8560787,3.49614,7.912999,5.884776,-5.648951,-5.1243305
2.2437499,0.5479424,-0.86560225,1.1899531,1.4036547,4.077743,0.24394618,-1.196878
5.9422255,-2.6349297,-0.62141484,2.9891996,8.940983,4.6116824,-3.072897,-5.5946574
4.912639,0.28238747,0.65159756,0.070868775,5.7222958,6.4457984,1.9772831,-5.492709
5.187752,-2.1802025,0.13969862,3.525281,8.276958,6.2597003,-2.580892,-5.446238
5.5533037,-1.9727075,0.3171833,3.2248018,7.4608936,4.3280926,-0.74124825,-5.6725297
6.653524,-1.3663061,0.13849214,2.4883106,9.659246,8.792224,-4.079343,-6.8794827
6.8355865,-2.238865,0.29704103,2.8525856,10.176578,8.080251,-4.276637,-7.2268476
6.11301,-4.2776794,-3.089613,4.5673904,7.1670766,2.296897,-8.869478,-3.1647236
2.7713373,-0.23231961,3.2029638,-1.7814217,6.2121606,4.8987427,3.8683515,-8.505116
4.8167844,-2.753443,-0.947241,5.704629,7.8371315,3.780596,-4.888764,-3.7750747
5.184719,-3.72269,-2.9369473,5.6288414,6.7776656,1.8029971,-7.6787124,-2.305103
5.46031,-3.2057476,-1.4035941,5.7857246,7.4422054,3.134389,-7.242533,-3.372781
5.6182623,-2.2695498,-0.3551586,1.880518,7.741168,5.6094613,-4.992334,-5.988848
3.8536353,-0.5021921,1.1120976,1.2929758,7.0181417,5.5110536,2.5092807,-5.561629
4.7943115,-1.8827963,0.6488784,3.7724907,9.005428,5.357219,-1.8158529,-6.708466
4.9358077,-0.15115257,0.3967249,3.292536,8.294441,6.1341047,-2.1734717,-5.16834
4.5521483,-1.9752271,-1.0399323,5.26567,7.5111055,3.122302,-4.6905303,-4.1777635
5.031684,-2.8747153,-0.022085566,3.852677,8.072142,3.8232305,-5.7381005,-5.4897876
5.8720555,-0.667982,1.8965737,2.0846856,9.679991,7.980396,-0.95290124,-9.028047
6.9730997,-0.10014381,3.114683,-1.8954023,10.742223,8.547699,2.7184186,-12.993102
5.837879,-1.0593474,2.6031775,-0.42220724,6.481832,4.398624,4.211857,-8.842072
7.4350214,-2.632794,-0.29094005,3.7931755,8.981575,6.2614155,-4.9589953,-7.2163663
5.8285522,-1.880084,-0.1206761,3.5765564,9.127565,5.1373696,-2.238913,-5.5382543
5.917725,-3.435288,-2.0717347,6.29951,6.7471275,2.0376241,-7.494556,-3.8717177
3.707585,-5.2798495,-1.5650953,4.8009653,6.534458,-0.2942558,-8.153908,-4.6290746
5.698543,-1.7559297,1.4296225,3.2659762,9.526054,6.6628737,-2.0513177,-6.8855214
3.0896332,2.0826554,3.0344503,0.4525824,3.2921033,3.128422,3.7128625,-4.5179715
7.1839056,-2.6907299,-0.83466965,4.063534,9.646437,6.5097594,-5.0560207,-7.3726144
3.6447554,-0.5544979,1.6867527,3.5474327,7.992008,6.1123366,-5.3951297,-4.372227
2.379657,-5.5191603,-3.428594,4.789457,5.270157,-1.9387232,-9.795037,-1.7454877
3.2277107,-0.012159367,3.7850418,0.62726444,7.144289,5.3538733,4.839433,-8.46979
2.4940104,0.8174311,3.1861277,0.23136662,6.0866156,5.6848874,4.9298086,-5.7288136
5.6851273,-0.5145122,1.2270008,3.096453,7.898651,5.613781,-1.5473055,-6.427819
6.2463603,-2.5751858,-0.12770069,3.73427,9.546927,6.874229,-5.2672405,-7.3205037
2.1837804,1.5634341,1.1586792,0.70838124,3.2045832,4.370728,2.048486,-2.7237544
5.5452166,-0.28381285,2.6120722,1.6619619,9.197038,7.8278527,0.34172654,-7.3145137
3.5757506,1.4046723,0.6644871,0.16345923,4.410054,5.6967826,2.8956025,-3.0296495
3.2125943,-0.59027046,3.1527996,0.96603817,7.7155037,5.1627517,2.1055436,-4.9013276
4.3628044,-0.84369373,2.271942,2.853871,8.462768,6.635759,-4.415914,-5.1989155
4.4961696,-5.235488,-3.2759252,5.184958,5.4040813,-0.32917637,-10.042255,-1.1058233
2.6030757,-0.2660231,1.601969,2.9956825,5.473858,2.594541,1.4732598,-4.0211096
3.2901042,-2.166854,0.73882604,3.6268516,8.251292,3.735771,-2.7650733,-4.6480174
6.7221117,-4.52814,-2.485951,3.733558,9.064593,4.1642575,-8.055301,-5.043836
5.8208413,-1.0039431,0.17844036,0.94703746,7.480794,5.3608265,0.9552443,-7.051119
4.977247,-1.2367903,-0.72289526,4.7524223,7.950452,4.5190196,-3.6926367,-4.5850687
6.536051,-2.1141973,-0.019263957,4.0468216,7.825965,5.827828,-4.471566,-6.0345974
5.6948814,-0.7226415,1.9012007,3.371125,7.575055,5.9553895,-5.265946,-6.0601797
4.238733,-1.3238949,2.1029367,1.215769,8.9946785,7.39706,-2.2351913,-6.406795
3.0611875,-2.571456,-1.4606787,5.9707294,6.0159135,0.91511685,-5.510763,-2.86332
4.844182,-4.180228,-1.7354444,5.909957,7.2171087,2.0116732,-7.333186,-3.5390103
4.960941,0.9082475,3.3600867,-0.83489513,7.208897,6.021914,4.9539127,-9.282958
6.236388,-3.9258716,-2.3784668,5.6754465,6.915926,2.6863542,-8.457964,-3.8151963
7.0959435,-2.1589901,0.21491316,1.2034879,10.706873,8.433013,-2.9854565,-7.8548923
4.5129085,-1.9451134,1.138882,3.342586,6.522792,3.8198156,-0.88409626,-6.7046533
3.9396534,1.6023353,3.9622114,-1.4150856,7.556595,7.1808424,6.1817036,-9.025104
0.9952768,0.9770972,-0.75532675,1.4306464,0.60224223,2.97189,0.9310608,0.596057
7.0089684,-2.29005,-0.51278013,1.884226,10.35136,7.954086,-6.471609,-7.0279956
3.8452573,-2.3224812,0.006005075,4.406952,7.2716804,1.5175301,-1.869531,-6.2147207
6.050727,-2.1534982,1.0096024,1.4900815,9.455389,5.7923036,0.8122457,-9.608308
1.5363833,0.7341048,2.664254,2.445138,4.637697,2.0389118,1.9875866,-3.1604633
5.7999,-2.5303643,-0.5364254,3.558547,8.12176,3.4495902,-2.2278495,-6.472835
2.7145994,-4.711012,-2.6685903,6.0119543,4.4901586,-1.9031955,-7.8089795,-1.886378
4.407815,-5.277599,-3.0107434,5.632019,5.8496842,0.034049563,-9.512527,-2.2950091
6.101512,-2.128751,-0.5951582,4.110179,8.191248,5.96799,-3.2008224,-6.010989
6.385459,-3.6513343,-1.992176,4.020883,8.447782,4.864074,-5.7445555,-5.9176416
6.026998,-0.23554249,1.6435417,0.2356699,8.0672,7.290293,2.2495494,-8.045472
5.6338882,-5.265547,-0.746396,4.011352,8.720047,2.443969,-6.0157638,-6.1279
2.787526,0.10932354,3.388767,-4.0907817,5.5673556,5.0253224,3.9905157,-7.5054994
5.0142117,-1.709747,-0.12815583,3.5615432,9.176,5.4640346,-3.4108224,-5.2648973
5.629565,-1.4519219,1.0344551,2.9615753,10.004053,6.662296,-2.5800729,-7.827374
6.6492586,-4.2580166,-1.902625,3.4605625,8.942595,4.6402183,-6.24464,-6.089379
5.5454054,-4.464079,-2.986348,4.7153983,6.727076,1.4737936,-8.21336,-3.1921985
4.061955,-1.5985582,1.874528,4.213811,8.36782,5.338035,-2.7115657,-4.6689963
2.0430615,0.9582699,1.2040267,0.6510069,3.8838167,3.6402023,3.7596262,-3.6887736
6.9790154,-3.0552368,-1.285824,3.3134196,9.22354,6.021618,-6.8502936,-5.981001
4.658156,-1.4355489,1.2832583,-2.1658475,8.028104,6.732927,0.72199047,-7.5505695
6.529936,-3.2507415,-1.0899626,3.0828536,8.524986,5.9022794,-7.176463,-4.778445
3.0076091,0.08399723,4.2105503,1.181712,8.161907,6.8417616,-2.0087478,-6.471443
4.466317,-2.5537932,0.42480457,4.945242,8.776262,4.218557,-3.563931,-5.264141
6.637738,-3.3371308,-2.4059765,2.9113977,8.241638,5.3192143,-8.391939,-4.247186
5.6227264,-4.523177,-2.7658563,4.5551324,7.7150826,3.2445822,-7.811332,-3.2384703
5.7899294,-1.5051554,-0.71248436,3.6189988,7.8002214,5.303403,-3.6381364,-4.3421993
3.415241,-4.5333114,-3.1970189,6.4794664,4.6934147,-1.3335767,-8.560616,-1.3955685
4.384387,-1.3164307,2.4418273,1.9134319,8.40579,6.4127736,-3.8971903,-4.2089486
5.3351555,-4.1809525,-3.3411634,4.914134,6.453704,1.3778732,-8.883707,-1.9319739
3.6460965,1.1364787,5.8059835,-0.46859607,8.200085,7.7821174,2.1026664,-7.7294226
-0.82767034,-0.27838758,-1.2111033,1.8143153,-1.3638886,-2.185185,0.8657857,2.9814434
6.440845,-2.3491373,-0.94679815,4.1441727,8.168188,5.812018,-4.924778,-4.8904715
5.0966616,0.7935447,3.903388,0.18286483,7.0184565,7.047396,1.5887893,-7.7061243
2.7222922,-0.5091159,2.8097374,2.947364,7.707899,5.784686,-3.3950062,-3.6430948
4.7351027,-3.716665,-1.7385567,2.2741845,7.079522,3.5046496,-6.0887184,-3.049504
5.409072,0.30732802,2.5928335,0.9920042,6.752086,6.410274,2.2005348,-8.3201
7.15903,-3.7195203,-0.7276464,3.7236948,9.773578,5.8003225,-5.7906604,-8.307243
0.08744676,-2.8355453,0.626305,3.7752907,2.054634,-0.60835093,-1.2504636,-0.83483285
5.638234,-1.5651487,0.15147886,1.7748282,9.094948,7.8286967,-3.744129,-5.167276
3.9274032,-0.8358458,2.3807817,0.7697337,9.169015,6.098747,2.2413495,-9.195976
4.282083,-4.5995054,-1.6560906,3.1976278,8.08411,1.7035103,-4.8262873,-4.8966913
6.405163,-1.7720861,-0.15914962,3.9573224,9.105601,6.0107293,-3.7750208,-6.1749024
4.884267,-0.5240644,0.71255195,0.16242628,6.9144416,6.692573,1.852449,-6.76575
6.7058926,-4.3537803,-1.0326757,5.022188,6.547549,1.5599985,-8.989051,-4.1522613
5.6468096,-3.3116608,-3.1026323,5.983219,5.579586,1.0293797,-8.472474,-1.0573461
5.515002,-1.2557403,3.0314,1.9352876,6.9637656,5.611683,-2.6888485,-7.8958755
4.9393177,-2.7509727,-0.97619367,5.7254925,7.3333645,3.7741146,-5.686611,-4.19443
3.831456,0.106266,4.127174,2.2139738,7.628149,6.4231243,-1.8411409,-5.845238
6.5238857,-2.672026,-0.8795031,2.839153,9.835689,6.3807216,-3.747311,-5.842113
3.1417587,1.130904,1.96132,0.6885943,5.180844,3.730381,3.1656866,-5.089953
6.2422137,-3.5204077,-1.5842078,5.432456,7.560004,3.8507442,-7.081152,-4.098786
5.3659935,-4.7381554,-3.5767796,4.8968296,6.3209925,0.6501723,-9.662474,-2.7354534
3.9478955,1.1287879,1.6983609,0.2573947,7.0121565,6.2733674,3.5885615,-5.7245374
6.5029235,-3.3946447,-0.6772751,3.7235968,8.418625,5.2105875,-6.2786474,-6.182315
6.69724,-2.3262122,0.51793563,1.7171991,9.818993,7.525125,-1.7714679,-9.029622
3.9225204,-3.1784954,1.4662397,-1.775125,7.738899,4.2846227,-1.0502768,-7.799972
5.674679,-0.5295097,1.9398776,-1.0054749,8.272787,6.6912456,3.354894,-9.555033
6.0513363,-0.6031635,2.2087057,-0.045472104,9.266177,7.023933,1.8992354,-8.412681
2.265721,0.42545363,4.5906906,0.40263155,8.216841,6.6389356,0.98137355,-5.721601
